claim_id,ticker,call_date,horizon_end_date,claim_type,is_compustat_relevant,assertion_kind,candidate_fields,skipped_reason,verdict,n_citations,model,mode
AMZN_20200130_6ab0e687,AMZN,2020-01-30,2025-12-31,numerical_guidance,False,none,,screen_false,,0,gpt-4o-mini,verdict
AMZN_20200130_1646d0b7,AMZN,2020-01-30,2025-12-31,numerical_guidance,False,none,,screen_false,,0,gpt-4o-mini,verdict
AMZN_20200130_74d78a2a,AMZN,2020-01-30,2025-12-31,numerical_guidance,False,none,,screen_false,,0,gpt-4o-mini,verdict
AMZN_20200130_fcdbc66e,AMZN,2020-01-30,2020-03-31,numerical_guidance,True,magnitude,cogsq,,verified,2,gpt-4o-mini,verdict
AMZN_20200130_c4c22a04,AMZN,2020-01-30,2020-12-31,capital_allocation,False,none,,screen_false,,0,gpt-4o-mini,verdict
AMZN_20200130_9cd6cd46,AMZN,2020-01-30,2020-12-31,numerical_guidance,False,none,,screen_false,,0,gpt-4o-mini,verdict
AMZN_20200130_f4319c00,AMZN,2020-01-30,2020-03-31,numerical_guidance,True,magnitude,oibdpq;dpq,,verified,2,gpt-4o-mini,verdict
AMZN_20200430_176aa1e0,AMZN,2020-04-30,2020-06-30,capital_allocation,False,none,,screen_false,,0,gpt-4o-mini,verdict
AMZN_20200430_86727593,AMZN,2020-04-30,2020-06-30,numerical_guidance,False,none,,screen_false,,0,gpt-4o-mini,verdict
AMZN_20200430_66bcd329,AMZN,2020-04-30,2020-12-31,numerical_guidance,True,magnitude,xrdq,,verified,3,gpt-4o-mini,verdict
AMZN_20200730_0a1d976c,AMZN,2020-07-30,2020-09-30,numerical_guidance,True,magnitude,capx_q;ppentq,,verified,2,gpt-4o-mini,verdict
AMZN_20200730_26740d74,AMZN,2020-07-30,2020-12-31,capital_allocation,False,none,,screen_false,,0,gpt-4o-mini,verdict
AMZN_20200730_c9a98cb3,AMZN,2020-07-30,2020-09-30,capital_allocation,False,none,,screen_false,,0,gpt-4o-mini,verdict
AMZN_20200730_48b08b4a,AMZN,2020-07-30,2020-09-30,numerical_guidance,True,magnitude,saleq;revtq,,verified,2,gpt-4o-mini,verdict
AMZN_20201029_15b8be20,AMZN,2020-10-29,2020-12-31,numerical_guidance,True,magnitude,xsgaq,,verified,1,gpt-4o-mini,verdict
AMZN_20201029_22546409,AMZN,2020-10-29,2020-12-31,capital_allocation,False,none,,screen_false,,0,gpt-4o-mini,verdict
AMZN_20210202_a6eca13d,AMZN,2021-02-02,2021-12-31,capital_allocation,False,none,,screen_false,,0,gpt-4o-mini,verdict
AMZN_20210202_59ed6d06,AMZN,2021-02-02,2021-12-31,capital_allocation,False,none,,screen_false,,0,gpt-4o-mini,verdict
AMZN_20210202_a9e44f39,AMZN,2021-02-02,2021-03-31,numerical_guidance,True,magnitude,xsgaq,,contradicted,1,gpt-4o-mini,verdict
AMZN_20210429_c5e0fdac,AMZN,2021-04-29,2021-06-30,numerical_guidance,True,magnitude,xsgaq,,partially_verified,1,gpt-4o-mini,verdict
AMZN_20210429_cd9117e3,AMZN,2021-04-29,2021-12-31,capital_allocation,False,none,,screen_false,,0,gpt-4o-mini,verdict
AMZN_20210429_8d9af1cc,AMZN,2021-04-29,2022-12-31,capital_allocation,False,none,,screen_false,,0,gpt-4o-mini,verdict
AMZN_20210729_f37cbd99,AMZN,2021-07-29,2021-09-30,numerical_guidance,True,magnitude,saleq;revtq,,verified,2,gpt-4o-mini,verdict
AMZN_20210729_1c5e35bd,AMZN,2021-07-29,2021-12-31,capital_allocation,False,none,,screen_false,,0,gpt-4o-mini,verdict
AMZN_20210729_a7073d49,AMZN,2021-07-29,2021-12-31,capital_allocation,False,none,,screen_false,,0,gpt-4o-mini,verdict
AMZN_20210729_6ac2b5fb,AMZN,2021-07-29,2021-12-31,capital_allocation,False,none,,screen_false,,0,gpt-4o-mini,verdict
AMZN_20210729_a79a344d,AMZN,2021-07-29,2021-12-31,capital_allocation,False,none,,screen_false,,0,gpt-4o-mini,verdict
AMZN_20211028_23f20a16,AMZN,2021-10-28,2021-12-31,numerical_guidance,True,magnitude,cogsq;xsgaq,,contradicted,2,gpt-4o-mini,verdict
AMZN_20211028_b3991b7f,AMZN,2021-10-28,2021-12-31,numerical_guidance,True,magnitude,oibdpq,,contradicted,1,gpt-4o-mini,verdict
AMZN_20211028_bb5246ea,AMZN,2021-10-28,2021-12-31,numerical_guidance,False,none,,screen_false,,0,gpt-4o-mini,verdict
AMZN_20211028_4633a666,AMZN,2021-10-28,2021-12-31,capital_allocation,False,none,,screen_false,,0,gpt-4o-mini,verdict
AMZN_20211028_32743919,AMZN,2021-10-28,2023-12-31,capital_allocation,False,none,,screen_false,,0,gpt-4o-mini,verdict
AMZN_20220203_0c0c151c,AMZN,2022-02-03,2022-03-31,numerical_guidance,True,magnitude,dpq,,contradicted,1,gpt-4o-mini,verdict
AMZN_20220203_f93f6cb6,AMZN,2022-02-03,2022-12-31,capital_allocation,True,direction,capx_q,,contradicted,2,gpt-4o-mini,verdict
AMZN_20220203_b5be9fcf,AMZN,2022-02-03,2022-12-31,capital_allocation,False,none,,screen_false,,0,gpt-4o-mini,verdict
AMZN_20220203_651ff3c6,AMZN,2022-02-03,2022-12-31,capital_allocation,False,none,,screen_false,,0,gpt-4o-mini,verdict
AMZN_20220203_85837123,AMZN,2022-02-03,2022-12-31,capital_allocation,False,none,,screen_false,,0,gpt-4o-mini,verdict
AMZN_20220428_696578bf,AMZN,2022-04-28,2022-12-31,capital_allocation,True,direction,capx_q,,contradicted,3,gpt-4o-mini,verdict
AMZN_20220428_f041cef2,AMZN,2022-04-28,2022-12-31,capital_allocation,True,direction,capx_q,,contradicted,4,gpt-4o-mini,verdict
AMZN_20220428_cdaf6487,AMZN,2022-04-28,2022-12-31,capital_allocation,False,none,,screen_false,,0,gpt-4o-mini,verdict
AMZN_20220428_37c16275,AMZN,2022-04-28,2022-12-31,capital_allocation,True,direction,capx_q,,contradicted,6,gpt-4o-mini,verdict
AMZN_20220428_9deb6559,AMZN,2022-04-28,2022-06-30,numerical_guidance,True,magnitude,cogsq;xsgaq,,contradicted,2,gpt-4o-mini,verdict
AMZN_20220428_04c5ea20,AMZN,2022-04-28,2022-12-31,numerical_guidance,True,magnitude,xsgaq,,verified,2,gpt-4o-mini,verdict
AMZN_20220728_efb594da,AMZN,2022-07-28,2022-12-31,capital_allocation,False,none,,screen_false,,0,gpt-4o-mini,verdict
AMZN_20220728_c0455787,AMZN,2022-07-28,2022-12-31,capital_allocation,True,magnitude,capx_q,,contradicted,2,gpt-4o-mini,verdict
AMZN_20220728_59c60123,AMZN,2022-07-28,2022-12-31,capital_allocation,True,magnitude,capx_q,,verified,2,gpt-4o-mini,verdict
AMZN_20220728_05d417a8,AMZN,2022-07-28,2022-12-31,capital_allocation,True,magnitude,capx_q,,contradicted,4,gpt-4o-mini,verdict
AMZN_20220728_05d9aeb5,AMZN,2022-07-28,2022-12-31,capital_allocation,False,none,,screen_false,,0,gpt-4o-mini,verdict
AMZN_20220728_b1129cb3,AMZN,2022-07-28,2030-12-31,capital_allocation,False,none,,screen_false,,0,gpt-4o-mini,verdict
AMZN_20220728_ba5fe6df,AMZN,2022-07-28,2022-09-30,numerical_guidance,True,magnitude,oibdpq,,contradicted,1,gpt-4o-mini,verdict
AMZN_20220728_a19dc7f6,AMZN,2022-07-28,2022-09-30,numerical_guidance,True,magnitude,cogsq,,verified,2,gpt-4o-mini,verdict
AMZN_20220728_b229b69a,AMZN,2022-07-28,2022-12-31,capital_allocation,False,none,,screen_false,,0,gpt-4o-mini,verdict
AMZN_20221027_30e843f3,AMZN,2022-10-27,2022-12-31,capital_allocation,True,magnitude,capx_q,,contradicted,1,gpt-4o-mini,verdict
AMZN_20221027_6f2e6d1f,AMZN,2022-10-27,2022-12-31,numerical_guidance,False,none,,screen_false,,0,gpt-4o-mini,verdict
AMZN_20221027_2d9ccf6f,AMZN,2022-10-27,2022-12-31,numerical_guidance,True,direction,saleq;revtq,,verified,1,gpt-4o-mini,verdict
AMZN_20221027_b95c672c,AMZN,2022-10-27,2023-12-31,capital_allocation,False,none,,screen_false,,0,gpt-4o-mini,verdict
AMZN_20221027_b01c2d83,AMZN,2022-10-27,2022-12-31,capital_allocation,True,magnitude,capx_q,,partially_verified,1,gpt-4o-mini,verdict
AMZN_20230427_ade246f2,AMZN,2023-04-27,2023-12-31,capital_allocation,True,magnitude,capx_q,,verified,4,gpt-4o-mini,verdict
AMZN_20230803_ebb5d68e,AMZN,2023-08-03,2023-12-31,capital_allocation,True,magnitude,capx_q,,partially_verified,1,gpt-4o-mini,verdict
AMZN_20231026_d0078c34,AMZN,2023-10-26,2023-12-31,capital_allocation,True,magnitude,capx_q,,partially_verified,1,gpt-4o-mini,verdict
AMZN_20240201_0114a63e,AMZN,2024-02-01,2024-12-31,capital_allocation,True,magnitude,capx_q,,verified,2,gpt-4o-mini,verdict
AMZN_20240201_4ec8df14,AMZN,2024-02-01,2024-03-31,numerical_guidance,True,magnitude,oibdpq,,partially_verified,1,gpt-4o-mini,verdict
AMZN_20240201_930b3b38,AMZN,2024-02-01,2024-12-31,capital_allocation,True,direction,capx_q,,verified,4,gpt-4o-mini,verdict
AMZN_20240430_7648b5e3,AMZN,2024-04-30,2024-12-31,capital_allocation,True,magnitude,capx_q,,verified,3,gpt-4o-mini,verdict
AMZN_20240430_a4ca51b8,AMZN,2024-04-30,2024-12-31,capital_allocation,True,magnitude,capx_q,,verified,4,gpt-4o-mini,verdict
AMZN_20240430_03088b32,AMZN,2024-04-30,2024-06-30,numerical_guidance,True,magnitude,saleq;revtq,,verified,2,gpt-4o-mini,verdict
AMZN_20240430_0fc1cb05,AMZN,2024-04-30,2024-06-30,numerical_guidance,True,magnitude,oibdpq,,verified,1,gpt-4o-mini,verdict
AMZN_20240430_4a3e9934,AMZN,2024-04-30,2024-12-31,capital_allocation,True,magnitude,dltr_q,,contradicted,2,gpt-4o-mini,verdict
AMZN_20240801_ba28088e,AMZN,2024-08-01,2024-12-31,capital_allocation,True,direction,capx_q,,verified,3,gpt-4o-mini,verdict
AMZN_20240801_86fc2971,AMZN,2024-08-01,2024-12-31,capital_allocation,False,none,,screen_false,,0,gpt-4o-mini,verdict
AMZN_20240801_d910b697,AMZN,2024-08-01,2024-09-30,capital_allocation,False,none,,screen_false,,0,gpt-4o-mini,verdict
AMZN_20240801_4aeadd74,AMZN,2024-08-01,2024-12-31,capital_allocation,False,none,,screen_false,,0,gpt-4o-mini,verdict
AMZN_20240801_3ad59a6a,AMZN,2024-08-01,2024-12-31,capital_allocation,False,none,,screen_false,,0,gpt-4o-mini,verdict
AMZN_20241031_ed3213d5,AMZN,2024-10-31,2024-12-31,capital_allocation,True,magnitude,capx_q,,partially_verified,1,gpt-4o-mini,verdict
AMZN_20241031_7c30b0f2,AMZN,2024-10-31,2024-12-31,capital_allocation,True,magnitude,capx_q,,partially_verified,1,gpt-4o-mini,verdict
AMZN_20250206_35b2a66b,AMZN,2025-02-06,2025-12-31,capital_allocation,False,none,,screen_false,,0,gpt-4o-mini,verdict
AMZN_20250206_cfe89970,AMZN,2025-02-06,2025-12-31,capital_allocation,True,magnitude,capx_q,,verified,2,gpt-4o-mini,verdict
AMZN_20250206_32f01f9b,AMZN,2025-02-06,2025-03-31,numerical_guidance,True,magnitude,saleq;revtq,,verified,1,gpt-4o-mini,verdict
AMZN_20250206_25369ce4,AMZN,2025-02-06,2025-03-31,numerical_guidance,True,magnitude,saleq;revtq,,verified,2,gpt-4o-mini,verdict
AMZN_20250206_2cd8a2dc,AMZN,2025-02-06,2025-03-31,numerical_guidance,True,magnitude,oibdpq,,partially_verified,1,gpt-4o-mini,verdict
AMZN_20250206_ab6bbb58,AMZN,2025-02-06,2025-12-31,numerical_guidance,True,magnitude,oibdpq,,verified,2,gpt-4o-mini,verdict
AMZN_20250206_e0966c8d,AMZN,2025-02-06,2025-12-31,numerical_guidance,True,magnitude,oibdpq,,contradicted,2,gpt-4o-mini,verdict
AMZN_20250206_e3f6786e,AMZN,2025-02-06,2025-12-31,numerical_guidance,True,magnitude,oibdpq;oiadpq,,contradicted,1,gpt-4o-mini,verdict
AMZN_20250206_929702e1,AMZN,2025-02-06,2025-12-31,capital_allocation,True,magnitude,capx_q,,contradicted,4,gpt-4o-mini,verdict
AMZN_20250206_8d9540ed,AMZN,2025-02-06,2025-12-31,capital_allocation,False,none,,screen_false,,0,gpt-4o-mini,verdict
AMZN_20250501_8c03c09b,AMZN,2025-05-01,2025-12-31,capital_allocation,False,none,,screen_false,,0,gpt-4o-mini,verdict
AMZN_20250501_530a0434,AMZN,2025-05-01,2026-03-31,capital_allocation,False,none,,screen_false,,0,gpt-4o-mini,verdict
AMZN_20250501_0e9b176e,AMZN,2025-05-01,2025-12-31,capital_allocation,False,none,,screen_false,,0,gpt-4o-mini,verdict
AMZN_20250731_be188fcb,AMZN,2025-07-31,2025-12-31,capital_allocation,True,direction,capx_q,,verified,3,gpt-4o-mini,verdict
AMZN_20250731_ca7bbfda,AMZN,2025-07-31,2025-09-30,numerical_guidance,True,magnitude,saleq;revtq,,verified,1,gpt-4o-mini,verdict
AMZN_20250731_351ca862,AMZN,2025-07-31,2025-09-30,numerical_guidance,True,magnitude,oibdpq,,verified,1,gpt-4o-mini,verdict
AMZN_20251030_c407c3c4,AMZN,2025-10-30,2027-12-31,capital_allocation,False,none,,screen_false,,0,gpt-4o-mini,verdict
AMZN_20251030_33d05962,AMZN,2025-10-30,2025-12-31,capital_allocation,False,none,,screen_false,,0,gpt-4o-mini,verdict
AMZN_20251030_28c079c6,AMZN,2025-10-30,2025-12-31,capital_allocation,True,magnitude,capx_q,,contradicted,1,gpt-4o-mini,verdict
AMZN_20251030_f0c618b1,AMZN,2025-10-30,2026-12-31,capital_allocation,True,direction,capx_q,,verified,2,gpt-4o-mini,verdict
AMZN_20251030_c4cd862c,AMZN,2025-10-30,2027-12-31,capital_allocation,False,none,,screen_false,,0,gpt-4o-mini,verdict
AMZN_20251030_1f56bf0b,AMZN,2025-10-30,2025-12-31,capital_allocation,False,none,,screen_false,,0,gpt-4o-mini,verdict
AMZN_20251030_0445e295,AMZN,2025-10-30,2026-12-31,capital_allocation,False,none,,screen_false,,0,gpt-4o-mini,verdict
AMZN_20251030_c5782d8b,AMZN,2025-10-30,2025-12-31,numerical_guidance,False,none,,screen_false,,0,gpt-4o-mini,verdict
AMZN_20260205_36ae625c,AMZN,2026-02-05,2026-12-31,capital_allocation,False,none,,screen_false,,0,gpt-4o-mini,verdict
AMZN_20260205_5871e84a,AMZN,2026-02-05,2026-12-31,capital_allocation,False,none,,screen_false,,0,gpt-4o-mini,verdict
AMZN_20260205_db0c5bdc,AMZN,2026-02-05,2026-03-31,numerical_guidance,True,magnitude,saleq;revtq,,verified,1,gpt-4o-mini,verdict
AMZN_20260205_93661c9a,AMZN,2026-02-05,2026-03-31,numerical_guidance,True,magnitude,saleq;revtq,,verified,2,gpt-4o-mini,verdict
AMZN_20260205_0dca2c54,AMZN,2026-02-05,2026-03-31,numerical_guidance,True,magnitude,oibdpq,,contradicted,1,gpt-4o-mini,verdict
AMZN_20260205_820e2644,AMZN,2026-02-05,2026-12-31,capital_allocation,False,none,,screen_false,,0,gpt-4o-mini,verdict
AMZN_20260429_cf8632d0,AMZN,2026-04-29,2026-12-31,capital_allocation,True,both,capx_q,empty_panel,,0,gpt-4o-mini,verdict
AMZN_20260429_b6cca4b7,AMZN,2026-04-29,2026-12-31,capital_allocation,False,none,,screen_false,,0,gpt-4o-mini,verdict
AMZN_20260429_b50f513b,AMZN,2026-04-29,2027-03-31,capital_allocation,True,magnitude,capx_q,empty_panel,,0,gpt-4o-mini,verdict
AMZN_20260429_9e8ea946,AMZN,2026-04-29,2026-06-30,numerical_guidance,True,magnitude,saleq;revtq,empty_panel,,0,gpt-4o-mini,verdict
AMZN_20260429_7703118b,AMZN,2026-04-29,2026-06-30,numerical_guidance,True,magnitude,oibdpq,empty_panel,,0,gpt-4o-mini,verdict
AMZN_20260429_b017003b,AMZN,2026-04-29,2026-12-31,capital_allocation,False,none,,screen_false,,0,gpt-4o-mini,verdict
AMZN_20260429_dfec573c,AMZN,2026-04-29,2027-12-31,capital_allocation,False,none,,screen_false,,0,gpt-4o-mini,verdict
AMZN_20260429_aca2e170,AMZN,2026-04-29,2026-12-31,numerical_guidance,False,none,,screen_false,,0,gpt-4o-mini,verdict
AMZN_20260429_97a32bc8,AMZN,2026-04-29,2027-12-31,numerical_guidance,False,none,,screen_false,,0,gpt-4o-mini,verdict
KO_20200130_2a0a16ba,KO,2020-01-30,2020-12-31,numerical_guidance,False,none,,screen_false,,0,gpt-4o-mini,verdict
KO_20200130_17137d4f,KO,2020-01-30,2023-12-31,numerical_guidance,False,none,,screen_false,,0,gpt-4o-mini,verdict
KO_20200130_86a4e5ec,KO,2020-01-30,2020-12-31,numerical_guidance,True,magnitude,epspxq,,contradicted,2,gpt-4o-mini,verdict
KO_20200130_424ed141,KO,2020-01-30,2020-12-31,numerical_guidance,False,none,,screen_false,,0,gpt-4o-mini,verdict
KO_20200130_0052723e,KO,2020-01-30,2020-12-31,numerical_guidance,True,magnitude,saleq;oibdpq,,partially_verified,2,gpt-4o-mini,verdict
KO_20200130_32bdc192,KO,2020-01-30,2020-12-31,capital_allocation,False,none,,screen_false,,0,gpt-4o-mini,verdict
KO_20200421_a032685c,KO,2020-04-21,2020-06-30,capital_allocation,False,none,,screen_false,,0,gpt-4o-mini,verdict
KO_20200421_26421c63,KO,2020-04-21,2020-12-31,capital_allocation,False,none,,screen_false,,0,gpt-4o-mini,verdict
KO_20200421_4416f40a,KO,2020-04-21,2020-12-31,numerical_guidance,True,magnitude,txtq,,verified,1,gpt-4o-mini,verdict
KO_20200421_b0ce99bd,KO,2020-04-21,2020-09-30,capital_allocation,False,none,,screen_false,,0,gpt-4o-mini,verdict
KO_20200421_e5e3aa2f,KO,2020-04-21,2021-12-31,capital_allocation,False,none,,screen_false,,0,gpt-4o-mini,verdict
KO_20201022_7692d967,KO,2020-10-22,2020-12-31,numerical_guidance,True,magnitude,revtq;oibdpq,,verified,2,gpt-4o-mini,verdict
KO_20210210_bfc276a0,KO,2021-02-10,2021-12-31,numerical_guidance,True,both,revtq;epsfxq,,partially_verified,2,gpt-4o-mini,verdict
KO_20210210_a2625b7a,KO,2021-02-10,2021-12-31,capital_allocation,True,magnitude,capx_q,,verified,1,gpt-4o-mini,verdict
KO_20210419_b3c3954c,KO,2021-04-19,2021-12-31,numerical_guidance,True,both,revtq;epsfxq,,verified,6,gpt-4o-mini,verdict
KO_20210419_07932ccc,KO,2021-04-19,2021-12-31,numerical_guidance,True,magnitude,txtq,,not_yet_resolvable,1,gpt-4o-mini,verdict
KO_20210721_4360fed1,KO,2021-07-21,2021-12-31,numerical_guidance,True,magnitude,saleq;revtq,,verified,2,gpt-4o-mini,verdict
KO_20210721_59cc5522,KO,2021-07-21,2021-12-31,numerical_guidance,True,magnitude,epsfxq,,partially_verified,2,gpt-4o-mini,verdict
KO_20210721_a3dedc41,KO,2021-07-21,2021-12-31,numerical_guidance,True,both,revtq;epsfxq,,partially_verified,4,gpt-4o-mini,verdict
KO_20210721_01c493d2,KO,2021-07-21,2021-12-31,numerical_guidance,False,none,,screen_false,,0,gpt-4o-mini,verdict
KO_20210721_9a71a8aa,KO,2021-07-21,2021-12-31,numerical_guidance,False,none,,screen_false,,0,gpt-4o-mini,verdict
KO_20210721_cb96eac2,KO,2021-07-21,2021-12-31,numerical_guidance,False,none,,screen_false,,0,gpt-4o-mini,verdict
KO_20210721_189ff86f,KO,2021-07-21,2021-12-31,numerical_guidance,False,none,,screen_false,,0,gpt-4o-mini,verdict
KO_20210721_f33a8842,KO,2021-07-21,2021-12-31,numerical_guidance,False,none,,screen_false,,0,gpt-4o-mini,verdict
KO_20211027_fe54e572,KO,2021-10-27,2021-12-31,numerical_guidance,True,magnitude,saleq;revtq,,verified,2,gpt-4o-mini,verdict
KO_20211027_ffc1deb3,KO,2021-10-27,2021-12-31,numerical_guidance,True,magnitude,epspxq;epsfxq,,verified,2,gpt-4o-mini,verdict
KO_20211027_41971612,KO,2021-10-27,2021-12-31,numerical_guidance,False,none,,screen_false,,0,gpt-4o-mini,verdict
KO_20211027_35832534,KO,2021-10-27,2021-12-31,numerical_guidance,True,both,revtq;epsfxq,,verified,2,gpt-4o-mini,verdict
KO_20211027_69a9fb63,KO,2021-10-27,2022-12-31,numerical_guidance,True,magnitude,revtq,,verified,2,gpt-4o-mini,verdict
KO_20211027_5491d8d4,KO,2021-10-27,2022-12-31,numerical_guidance,True,direction,niq,,contradicted,2,gpt-4o-mini,verdict
KO_20220210_6b298e76,KO,2022-02-10,2022-12-31,numerical_guidance,True,magnitude,epspxq,,contradicted,2,gpt-4o-mini,verdict
KO_20220210_be438466,KO,2022-02-10,2022-12-31,numerical_guidance,True,magnitude,revtq,,verified,2,gpt-4o-mini,verdict
KO_20220210_d06a65d6,KO,2022-02-10,2022-12-31,numerical_guidance,True,magnitude,epsfxq,,contradicted,2,gpt-4o-mini,verdict
KO_20220210_2a9aa87e,KO,2022-02-10,2022-12-31,numerical_guidance,True,magnitude,txtq,,partially_verified,2,gpt-4o-mini,verdict
KO_20220210_c18595d1,KO,2022-02-10,2022-12-31,numerical_guidance,True,magnitude,oancf_q;capx_q,,contradicted,2,gpt-4o-mini,verdict
KO_20220210_8c0c345c,KO,2022-02-10,2022-12-31,capital_allocation,True,magnitude,capx_q,,verified,1,gpt-4o-mini,verdict
KO_20220425_9fc2a1b1,KO,2022-04-25,2022-12-31,numerical_guidance,True,magnitude,saleq;revtq,,verified,4,gpt-4o-mini,verdict
KO_20220425_e2caf0c5,KO,2022-04-25,2022-12-31,numerical_guidance,True,direction,epspxq,,contradicted,3,gpt-4o-mini,verdict
KO_20220425_61d916bd,KO,2022-04-25,2022-12-31,numerical_guidance,True,magnitude,revtq,,partially_verified,3,gpt-4o-mini,verdict
KO_20220425_d289de86,KO,2022-04-25,2022-12-31,numerical_guidance,True,magnitude,epsfxq,,partially_verified,3,gpt-4o-mini,verdict
KO_20220425_3151ee72,KO,2022-04-25,2022-12-31,numerical_guidance,True,magnitude,txtq,,verified,1,gpt-4o-mini,verdict
KO_20220425_0cf3bf10,KO,2022-04-25,2022-12-31,numerical_guidance,True,magnitude,oancf_q;capx_q,,contradicted,2,gpt-4o-mini,verdict
KO_20220425_3f6974f7,KO,2022-04-25,2022-12-31,capital_allocation,True,magnitude,dv_q,,verified,2,gpt-4o-mini,verdict
KO_20220425_017c811d,KO,2022-04-25,2022-12-31,capital_allocation,True,magnitude,prstkc_q;sstk_q,,contradicted,3,gpt-4o-mini,verdict
KO_20220425_531fd1c4,KO,2022-04-25,2022-12-31,capital_allocation,True,magnitude,capx_q,,verified,3,gpt-4o-mini,verdict
KO_20220726_9fc11104,KO,2022-07-26,2022-12-31,numerical_guidance,True,magnitude,saleq;revtq;epspxq;epsfxq,,verified,3,gpt-4o-mini,verdict
KO_20220726_1b50c14b,KO,2022-07-26,2022-12-31,numerical_guidance,True,magnitude,epspxq,,contradicted,2,gpt-4o-mini,verdict
KO_20220726_2e2f794f,KO,2022-07-26,2022-12-31,numerical_guidance,True,magnitude,revtq,,verified,2,gpt-4o-mini,verdict
KO_20220726_9d2ea989,KO,2022-07-26,2022-12-31,numerical_guidance,True,magnitude,epsfxq,,partially_verified,2,gpt-4o-mini,verdict
KO_20220726_a94a8351,KO,2022-07-26,2022-12-31,numerical_guidance,True,magnitude,txtq,,verified,1,gpt-4o-mini,verdict
KO_20220726_92f0bc1b,KO,2022-07-26,2022-12-31,numerical_guidance,False,none,,screen_false,,0,gpt-4o-mini,verdict
KO_20220726_5fa5a388,KO,2022-07-26,2022-12-31,capital_allocation,True,magnitude,capx_q,,verified,2,gpt-4o-mini,verdict
KO_20221025_50e72d81,KO,2022-10-25,2022-12-31,numerical_guidance,True,magnitude,saleq;revtq,,contradicted,2,gpt-4o-mini,verdict
KO_20221025_7ce7a20f,KO,2022-10-25,2022-12-31,numerical_guidance,True,magnitude,epsfxq,,contradicted,1,gpt-4o-mini,verdict
KO_20221025_338df5c2,KO,2022-10-25,2022-12-31,numerical_guidance,True,magnitude,revtq,,contradicted,1,gpt-4o-mini,verdict
KO_20221025_eb3d9164,KO,2022-10-25,2022-12-31,numerical_guidance,True,magnitude,epsfxq,,contradicted,1,gpt-4o-mini,verdict
KO_20221025_6c88b2cb,KO,2022-10-25,2022-12-31,numerical_guidance,True,magnitude,txtq,,insufficient_data,1,gpt-4o-mini,verdict
KO_20221025_44996a2f,KO,2022-10-25,2022-12-31,numerical_guidance,False,none,,screen_false,,0,gpt-4o-mini,verdict
KO_20221025_f5844d13,KO,2022-10-25,2023-12-31,numerical_guidance,True,magnitude,txtq,,partially_verified,1,gpt-4o-mini,verdict
KO_20221025_cd379a6e,KO,2022-10-25,2023-12-31,numerical_guidance,True,magnitude,revtq,,verified,2,gpt-4o-mini,verdict
KO_20221025_37ec5be4,KO,2022-10-25,2023-12-31,numerical_guidance,True,magnitude,epsfxq,,partially_verified,5,gpt-4o-mini,verdict
KO_20221025_6d66baa5,KO,2022-10-25,2022-12-31,capital_allocation,True,magnitude,capx_q,,contradicted,1,gpt-4o-mini,verdict
KO_20230214_3caaac9b,KO,2023-02-14,2023-12-31,numerical_guidance,True,magnitude,saleq;revtq,,partially_verified,5,gpt-4o-mini,verdict
KO_20230214_d394d097,KO,2023-02-14,2023-12-31,numerical_guidance,True,magnitude,epspxq,,partially_verified,5,gpt-4o-mini,verdict
KO_20230214_9ae4c935,KO,2023-02-14,2023-12-31,numerical_guidance,True,magnitude,revtq,,not_yet_resolvable,4,gpt-4o-mini,verdict
KO_20230214_ec22be12,KO,2023-02-14,2023-12-31,numerical_guidance,True,magnitude,epsfxq,,partially_verified,4,gpt-4o-mini,verdict
KO_20230214_c0af9f84,KO,2023-02-14,2023-12-31,numerical_guidance,True,magnitude,txtq,,not_yet_resolvable,1,gpt-4o-mini,verdict
KO_20230214_2e146881,KO,2023-02-14,2023-12-31,numerical_guidance,True,magnitude,epspxq,,partially_verified,4,gpt-4o-mini,verdict
KO_20230214_5e5a62f4,KO,2023-02-14,2023-12-31,numerical_guidance,False,none,,screen_false,,0,gpt-4o-mini,verdict
KO_20230214_ea6ad32c,KO,2023-02-14,2023-12-31,capital_allocation,True,magnitude,capx_q;oancf_q,,contradicted,2,gpt-4o-mini,verdict
KO_20230214_35b6ec21,KO,2023-02-14,2023-12-31,numerical_guidance,True,magnitude,oancf_q,,contradicted,4,gpt-4o-mini,verdict
KO_20230214_225f0259,KO,2023-02-14,2023-12-31,numerical_guidance,True,magnitude,oancf_q,,contradicted,2,gpt-4o-mini,verdict
KO_20230214_bc3526f3,KO,2023-02-14,2023-12-31,capital_allocation,False,none,,screen_false,,0,gpt-4o-mini,verdict
KO_20230424_255b9c5d,KO,2023-04-24,2023-12-31,numerical_guidance,True,magnitude,revtq,,verified,4,gpt-4o-mini,verdict
KO_20230424_dd036928,KO,2023-04-24,2023-12-31,numerical_guidance,True,magnitude,epsfxq,,partially_verified,3,gpt-4o-mini,verdict
KO_20230424_3a253d24,KO,2023-04-24,2023-12-31,numerical_guidance,True,magnitude,txtq,,not_yet_resolvable,3,gpt-4o-mini,verdict
KO_20230424_c17702a3,KO,2023-04-24,2023-12-31,numerical_guidance,False,none,,screen_false,,0,gpt-4o-mini,verdict
KO_20230424_c18f1b61,KO,2023-04-24,2023-12-31,numerical_guidance,True,magnitude,oancf_q,,partially_verified,3,gpt-4o-mini,verdict
KO_20230424_e5803575,KO,2023-04-24,2023-12-31,capital_allocation,True,magnitude,capx_q,,contradicted,3,gpt-4o-mini,verdict
KO_20230726_fe359665,KO,2023-07-26,2023-12-31,numerical_guidance,True,magnitude,saleq;revtq,,verified,3,gpt-4o-mini,verdict
KO_20230726_1c12691c,KO,2023-07-26,2023-12-31,numerical_guidance,True,both,revtq;epspxq,,partially_verified,4,gpt-4o-mini,verdict
KO_20230726_17e8756f,KO,2023-07-26,2023-12-31,numerical_guidance,True,magnitude,txtq,,not_yet_resolvable,2,gpt-4o-mini,verdict
KO_20230726_80190e9c,KO,2023-07-26,2023-12-31,numerical_guidance,True,magnitude,oancf_q;capx_q,,partially_verified,2,gpt-4o-mini,verdict
KO_20231024_eab67a2e,KO,2023-10-24,2023-12-31,numerical_guidance,True,magnitude,saleq;revtq,,not_yet_resolvable,2,gpt-4o-mini,verdict
KO_20231024_1d17504f,KO,2023-10-24,2023-12-31,numerical_guidance,True,magnitude,epsfxq,,contradicted,1,gpt-4o-mini,verdict
KO_20231024_a1cb43ba,KO,2023-10-24,2023-12-31,numerical_guidance,True,magnitude,revtq,,contradicted,2,gpt-4o-mini,verdict
KO_20231024_0184631d,KO,2023-10-24,2023-12-31,numerical_guidance,True,magnitude,epsfxq,,contradicted,1,gpt-4o-mini,verdict
KO_20231024_8fc207ce,KO,2023-10-24,2023-12-31,numerical_guidance,True,magnitude,txtq,,verified,1,gpt-4o-mini,verdict
KO_20231024_e3ff2552,KO,2023-10-24,2023-12-31,numerical_guidance,False,none,,screen_false,,0,gpt-4o-mini,verdict
KO_20231024_92901f9d,KO,2023-10-24,2023-12-31,capital_allocation,True,magnitude,capx_q,,partially_verified,1,gpt-4o-mini,verdict
KO_20231024_20248da5,KO,2023-10-24,2023-12-31,capital_allocation,False,none,,screen_false,,0,gpt-4o-mini,verdict
KO_20240213_8d475362,KO,2024-02-13,2024-12-31,numerical_guidance,True,magnitude,saleq;revtq,,verified,2,gpt-4o-mini,verdict
KO_20240213_aa128976,KO,2024-02-13,2024-12-31,numerical_guidance,True,direction,epspxq;epsfxq,,contradicted,2,gpt-4o-mini,verdict
KO_20240213_935ef02b,KO,2024-02-13,2024-12-31,numerical_guidance,True,magnitude,revtq,,verified,2,gpt-4o-mini,verdict
KO_20240213_e21e2f6b,KO,2024-02-13,2024-12-31,numerical_guidance,True,magnitude,epsfxq,,verified,2,gpt-4o-mini,verdict
KO_20240213_9e5e17e1,KO,2024-02-13,2024-12-31,numerical_guidance,True,magnitude,txtq,,contradicted,1,gpt-4o-mini,verdict
KO_20240213_183a9188,KO,2024-02-13,2024-12-31,numerical_guidance,True,magnitude,oancf_q;capx_q,,contradicted,2,gpt-4o-mini,verdict
KO_20240213_4ec2be57,KO,2024-02-13,2024-12-31,numerical_guidance,True,magnitude,oancf_q,,verified,2,gpt-4o-mini,verdict
KO_20240213_dfed5957,KO,2024-02-13,2024-12-31,numerical_guidance,True,magnitude,epspxq;epsfxq,,contradicted,2,gpt-4o-mini,verdict
KO_20240213_385d51d3,KO,2024-02-13,2024-12-31,capital_allocation,False,none,,screen_false,,0,gpt-4o-mini,verdict
KO_20240213_58d0bcf9,KO,2024-02-13,2024-12-31,capital_allocation,True,magnitude,capx_q,,verified,4,gpt-4o-mini,verdict
KO_20240430_5a826a24,KO,2024-04-30,2024-12-31,numerical_guidance,True,magnitude,saleq;revtq,,verified,4,gpt-4o-mini,verdict
KO_20240430_d324d6d4,KO,2024-04-30,2024-12-31,numerical_guidance,True,magnitude,epspxq;epsfxq,,contradicted,7,gpt-4o-mini,verdict
KO_20240430_aba3cade,KO,2024-04-30,2024-12-31,numerical_guidance,True,magnitude,revtq,,partially_verified,3,gpt-4o-mini,verdict
KO_20240430_557a1197,KO,2024-04-30,2024-12-31,numerical_guidance,True,magnitude,epsfxq,,partially_verified,3,gpt-4o-mini,verdict
KO_20240430_7e4da8bb,KO,2024-04-30,2024-12-31,numerical_guidance,True,magnitude,txtq,,contradicted,2,gpt-4o-mini,verdict
KO_20240430_f3108567,KO,2024-04-30,2024-12-31,numerical_guidance,False,none,,screen_false,,0,gpt-4o-mini,verdict
KO_20240723_4192f7ac,KO,2024-07-23,2024-12-31,numerical_guidance,True,magnitude,revtq,,partially_verified,2,gpt-4o-mini,verdict
KO_20240723_a9db48d2,KO,2024-07-23,2024-12-31,numerical_guidance,True,magnitude,epsfxq,,partially_verified,2,gpt-4o-mini,verdict
KO_20240723_86e43019,KO,2024-07-23,2025-12-31,capital_allocation,False,none,,screen_false,,0,gpt-4o-mini,verdict
KO_20241023_95120d3f,KO,2024-10-23,2024-12-31,numerical_guidance,True,magnitude,niq;revtq,,partially_verified,2,gpt-4o-mini,verdict
KO_20241023_2d56135e,KO,2024-10-23,2025-12-31,numerical_guidance,True,magnitude,dlttq;ltq,,verified,2,gpt-4o-mini,verdict
KO_20241023_a606f075,KO,2024-10-23,2024-12-31,numerical_guidance,True,both,revtq;epspxq,,contradicted,2,gpt-4o-mini,verdict
KO_20250211_74a682b9,KO,2025-02-11,2025-12-31,numerical_guidance,True,both,saleq;epspxq,,partially_verified,8,gpt-4o-mini,verdict
KO_20250211_8a3b9b64,KO,2025-02-11,2025-12-31,numerical_guidance,True,both,revtq;epspxq,,contradicted,2,gpt-4o-mini,verdict
KO_20250211_0d2c045f,KO,2025-02-11,2025-12-31,numerical_guidance,True,magnitude,txtq,,not_yet_resolvable,1,gpt-4o-mini,verdict
KO_20250211_fb7791bb,KO,2025-02-11,2025-12-31,numerical_guidance,True,magnitude,oancf_q;capx_q,,contradicted,2,gpt-4o-mini,verdict
KO_20250211_554a7a55,KO,2025-02-11,2025-12-31,numerical_guidance,True,magnitude,txtq,,contradicted,2,gpt-4o-mini,verdict
KO_20250429_8d1e1e5a,KO,2025-04-29,2025-12-31,numerical_guidance,True,magnitude,saleq;revtq,,not_yet_resolvable,3,gpt-4o-mini,verdict
KO_20250429_e0f6de95,KO,2025-04-29,2025-12-31,numerical_guidance,True,magnitude,revtq,,partially_verified,3,gpt-4o-mini,verdict
KO_20250429_54a5c184,KO,2025-04-29,2025-12-31,numerical_guidance,True,magnitude,epsfxq,,partially_verified,3,gpt-4o-mini,verdict
KO_20250429_43d16908,KO,2025-04-29,2025-12-31,numerical_guidance,True,magnitude,txtq,,not_yet_resolvable,3,gpt-4o-mini,verdict
KO_20250429_2f80afa0,KO,2025-04-29,2025-12-31,numerical_guidance,True,magnitude,epspxq,,contradicted,2,gpt-4o-mini,verdict
KO_20250722_073dc411,KO,2025-07-22,2025-12-31,numerical_guidance,True,magnitude,saleq;revtq,,verified,3,gpt-4o-mini,verdict
KO_20250722_149bfcbe,KO,2025-07-22,2025-12-31,numerical_guidance,True,magnitude,epspxq,,partially_verified,2,gpt-4o-mini,verdict
KO_20250722_44a325db,KO,2025-07-22,2025-12-31,numerical_guidance,True,magnitude,revtq,,verified,2,gpt-4o-mini,verdict
KO_20250722_72d276ef,KO,2025-07-22,2025-12-31,numerical_guidance,True,magnitude,epsfxq,,partially_verified,2,gpt-4o-mini,verdict
KO_20250722_8c03d5c0,KO,2025-07-22,2025-12-31,numerical_guidance,True,magnitude,txtq,,partially_verified,2,gpt-4o-mini,verdict
KO_20250722_54908dd5,KO,2025-07-22,2025-12-31,numerical_guidance,True,magnitude,epspxq,,contradicted,2,gpt-4o-mini,verdict
KO_20250722_c8f6c600,KO,2025-07-22,2025-10-31,numerical_guidance,False,none,,screen_false,,0,gpt-4o-mini,verdict
KO_20251021_807f4cd5,KO,2025-10-21,2025-12-31,numerical_guidance,False,none,,screen_false,,0,gpt-4o-mini,verdict
KO_20251021_ad134056,KO,2025-10-21,2025-12-31,numerical_guidance,True,magnitude,saleq;revtq,,verified,2,gpt-4o-mini,verdict
KO_20251021_e842bcd3,KO,2025-10-21,2025-12-31,numerical_guidance,True,magnitude,epspxq;epsfxq,,contradicted,2,gpt-4o-mini,verdict
KO_20251021_59a567c9,KO,2025-10-21,2025-12-31,numerical_guidance,True,magnitude,revtq,,partially_verified,1,gpt-4o-mini,verdict
KO_20251021_22f03d61,KO,2025-10-21,2025-12-31,numerical_guidance,True,magnitude,epsfxq,,contradicted,1,gpt-4o-mini,verdict
KO_20251021_80939478,KO,2025-10-21,2025-12-31,numerical_guidance,True,magnitude,txtq,,not_yet_resolvable,1,gpt-4o-mini,verdict
KO_20251021_5751d9bf,KO,2025-10-21,2025-12-31,numerical_guidance,True,magnitude,epspxq,,contradicted,1,gpt-4o-mini,verdict
KO_20251021_17837408,KO,2025-10-21,2025-12-31,numerical_guidance,False,none,,screen_false,,0,gpt-4o-mini,verdict
KO_20260210_db4912de,KO,2026-02-10,2026-12-31,numerical_guidance,True,magnitude,saleq;revtq,,not_yet_resolvable,2,gpt-4o-mini,verdict
KO_20260210_841d9fcc,KO,2026-02-10,2026-12-31,numerical_guidance,True,magnitude,revtq,,not_yet_resolvable,2,gpt-4o-mini,verdict
KO_20260210_7ac997af,KO,2026-02-10,2026-12-31,numerical_guidance,True,magnitude,epspxq,,not_yet_resolvable,1,gpt-4o-mini,verdict
KO_20260210_4b65b1df,KO,2026-02-10,2026-12-31,numerical_guidance,True,magnitude,txtq,,not_yet_resolvable,1,gpt-4o-mini,verdict
KO_20260210_0d25da3b,KO,2026-02-10,2026-12-31,numerical_guidance,True,both,oancf_q;capx_q,,not_yet_resolvable,2,gpt-4o-mini,verdict
KO_20260210_c67270fe,KO,2026-02-10,2026-12-31,capital_allocation,True,magnitude,capx_q,,contradicted,1,gpt-4o-mini,verdict
KO_20260210_9db49789,KO,2026-02-10,2026-12-31,capital_allocation,True,magnitude,capx_q,,not_yet_resolvable,1,gpt-4o-mini,verdict
KO_20260210_d0595a5d,KO,2026-02-10,2026-12-31,capital_allocation,False,none,,screen_false,,0,gpt-4o-mini,verdict
KO_20260428_8c95817c,KO,2026-04-28,2026-12-31,numerical_guidance,True,magnitude,epsfxq,empty_panel,,0,gpt-4o-mini,verdict
KO_20260428_5ba8472e,KO,2026-04-28,2026-12-31,numerical_guidance,True,magnitude,txtq,empty_panel,,0,gpt-4o-mini,verdict
LLY_20200130_217aaea7,LLY,2020-01-30,2020-12-31,numerical_guidance,True,magnitude,oibdpq,,verified,2,gpt-4o-mini,verdict
LLY_20200130_ae51adf3,LLY,2020-01-30,2020-12-31,numerical_guidance,True,magnitude,oibdpq,,verified,2,gpt-4o-mini,verdict
LLY_20200130_58be9607,LLY,2020-01-30,2025-12-31,numerical_guidance,False,none,,screen_false,,0,gpt-4o-mini,verdict
LLY_20200130_ff3e3c72,LLY,2020-01-30,2020-12-31,numerical_guidance,True,magnitude,saleq;revtq,,verified,2,gpt-4o-mini,verdict
LLY_20200130_c231f3be,LLY,2020-01-30,2020-03-31,capital_allocation,False,none,,screen_false,,0,gpt-4o-mini,verdict
LLY_20200130_8e247457,LLY,2020-01-30,2020-04-30,numerical_guidance,False,none,,screen_false,,0,gpt-4o-mini,verdict
LLY_20200130_a8f317d6,LLY,2020-01-30,2020-12-31,numerical_guidance,True,magnitude,revtq,,verified,1,gpt-4o-mini,verdict
LLY_20200130_c7d10e6c,LLY,2020-01-30,2020-12-31,numerical_guidance,True,both,epspxq;oibdpq,,verified,2,gpt-4o-mini,verdict
LLY_20200130_218c3185,LLY,2020-01-30,2020-12-31,numerical_guidance,True,magnitude,epsfxq,,verified,1,gpt-4o-mini,verdict
LLY_20200130_0b62e8fa,LLY,2020-01-30,2020-03-31,numerical_guidance,True,magnitude,oibdpq,,partially_verified,1,gpt-4o-mini,verdict
LLY_20200130_4ba6f9d5,LLY,2020-01-30,2020-12-31,numerical_guidance,True,magnitude,saleq;xsgaq;oibdpq,,verified,3,gpt-4o-mini,verdict
LLY_20200423_dd2cd945,LLY,2020-04-23,2020-12-31,numerical_guidance,False,none,,screen_false,,0,gpt-4o-mini,verdict
LLY_20200423_57d0d857,LLY,2020-04-23,2020-12-31,numerical_guidance,False,none,,screen_false,,0,gpt-4o-mini,verdict
LLY_20200423_24b554a8,LLY,2020-04-23,2020-12-31,capital_allocation,True,both,xsgaq,,verified,3,gpt-4o-mini,verdict
LLY_20200423_0d886f6b,LLY,2020-04-23,2020-12-31,numerical_guidance,True,magnitude,oibdpq,,verified,2,gpt-4o-mini,verdict
LLY_20200423_d48b87fb,LLY,2020-04-23,2020-12-31,numerical_guidance,False,none,,screen_false,,0,gpt-4o-mini,verdict
LLY_20200730_9fbf0e1b,LLY,2020-07-30,2020-12-31,numerical_guidance,True,magnitude,oibdpq,,partially_verified,2,gpt-4o-mini,verdict
LLY_20200730_0f484e5b,LLY,2020-07-30,2021-12-31,numerical_guidance,True,magnitude,revtq,,verified,2,gpt-4o-mini,verdict
LLY_20200730_0ea11753,LLY,2020-07-30,2020-12-31,numerical_guidance,True,magnitude,saleq,,verified,2,gpt-4o-mini,verdict
LLY_20200730_890be604,LLY,2020-07-30,2020-12-31,numerical_guidance,True,magnitude,oibdpq,,partially_verified,2,gpt-4o-mini,verdict
LLY_20201027_94c75a7c,LLY,2020-10-27,2020-12-31,numerical_guidance,False,none,,screen_false,,0,gpt-4o-mini,verdict
LLY_20201027_afd169b8,LLY,2020-10-27,2021-12-31,numerical_guidance,False,none,,screen_false,,0,gpt-4o-mini,verdict
LLY_20201027_e1201bcd,LLY,2020-10-27,2020-12-31,numerical_guidance,True,magnitude,saleq;revtq,,verified,2,gpt-4o-mini,verdict
LLY_20201027_2031663c,LLY,2020-10-27,2020-12-31,numerical_guidance,True,magnitude,xrdq,,verified,1,gpt-4o-mini,verdict
LLY_20210129_18e56a55,LLY,2021-01-29,2021-12-31,numerical_guidance,True,magnitude,epsfxq,,contradicted,1,gpt-4o-mini,verdict
LLY_20210129_b2fff468,LLY,2021-01-29,2021-12-31,numerical_guidance,False,none,,screen_false,,0,gpt-4o-mini,verdict
LLY_20210129_b3d365ad,LLY,2021-01-29,2021-12-31,numerical_guidance,True,magnitude,revtq,,verified,1,gpt-4o-mini,verdict
LLY_20210129_fc954b6b,LLY,2021-01-29,2021-03-31,numerical_guidance,True,magnitude,saleq;revtq,,contradicted,2,gpt-4o-mini,verdict
LLY_20210427_5c6d1331,LLY,2021-04-27,2021-12-31,numerical_guidance,True,magnitude,revtq,,verified,2,gpt-4o-mini,verdict
LLY_20210427_53e8a463,LLY,2021-04-27,2021-12-31,numerical_guidance,True,magnitude,revtq,,contradicted,1,gpt-4o-mini,verdict
LLY_20210427_9851431a,LLY,2021-04-27,2022-12-31,numerical_guidance,False,none,,screen_false,,0,gpt-4o-mini,verdict
LLY_20210427_c965a55c,LLY,2021-04-27,2021-07-31,numerical_guidance,False,none,,screen_false,,0,gpt-4o-mini,verdict
LLY_20210427_891e85e3,LLY,2021-04-27,2024-12-31,numerical_guidance,False,none,,screen_false,,0,gpt-4o-mini,verdict
LLY_20210427_9c154555,LLY,2021-04-27,2021-12-31,numerical_guidance,False,none,,screen_false,,0,gpt-4o-mini,verdict
LLY_20210427_130b8798,LLY,2021-04-27,2031-12-31,numerical_guidance,False,none,,screen_false,,0,gpt-4o-mini,verdict
LLY_20210803_ef3b8ce7,LLY,2021-08-03,2021-12-31,numerical_guidance,False,none,,screen_false,,0,gpt-4o-mini,verdict
LLY_20210803_652e8424,LLY,2021-08-03,2021-12-31,capital_allocation,True,magnitude,xrdq;capx_q,,partially_verified,5,gpt-4o-mini,verdict
LLY_20210803_a7c9ca8e,LLY,2021-08-03,2021-12-31,capital_allocation,False,none,,screen_false,,0,gpt-4o-mini,verdict
LLY_20210803_4fd0415f,LLY,2021-08-03,2021-12-31,numerical_guidance,True,magnitude,revtq,,verified,2,gpt-4o-mini,verdict
LLY_20210803_f833f791,LLY,2021-08-03,2021-12-31,numerical_guidance,True,magnitude,cogsq,,partially_verified,2,gpt-4o-mini,verdict
LLY_20210803_5c7a42a4,LLY,2021-08-03,2021-12-31,numerical_guidance,True,magnitude,cogsq,,verified,2,gpt-4o-mini,verdict
LLY_20210803_250edc57,LLY,2021-08-03,2021-12-31,numerical_guidance,True,magnitude,oibdpq,,verified,2,gpt-4o-mini,verdict
LLY_20210803_c0501177,LLY,2021-08-03,2021-12-31,numerical_guidance,True,magnitude,oibdpq,,verified,2,gpt-4o-mini,verdict
LLY_20210803_ad338cd1,LLY,2021-08-03,2021-12-31,numerical_guidance,True,magnitude,xintq,,contradicted,2,gpt-4o-mini,verdict
LLY_20210803_df2e710c,LLY,2021-08-03,2021-12-31,numerical_guidance,True,magnitude,ibq,,contradicted,1,gpt-4o-mini,verdict
LLY_20210803_d4271088,LLY,2021-08-03,2021-12-31,numerical_guidance,True,magnitude,txtq,,contradicted,2,gpt-4o-mini,verdict
LLY_20210803_9c709f4a,LLY,2021-08-03,2021-12-31,numerical_guidance,True,magnitude,epsfxq,,contradicted,2,gpt-4o-mini,verdict
LLY_20210803_dc30f818,LLY,2021-08-03,2021-12-31,numerical_guidance,True,magnitude,epsfxq,,contradicted,1,gpt-4o-mini,verdict
LLY_20210803_0fb241fc,LLY,2021-08-03,2021-12-31,numerical_guidance,False,none,,screen_false,,0,gpt-4o-mini,verdict
LLY_20210803_afc95594,LLY,2021-08-03,2021-09-30,numerical_guidance,False,none,,screen_false,,0,gpt-4o-mini,verdict
LLY_20210803_ce96b34c,LLY,2021-08-03,2021-12-31,numerical_guidance,False,none,,screen_false,,0,gpt-4o-mini,verdict
LLY_20210803_afab02de,LLY,2021-08-03,2021-12-31,numerical_guidance,False,none,,screen_false,,0,gpt-4o-mini,verdict
LLY_20210803_3755177d,LLY,2021-08-03,2021-12-31,numerical_guidance,False,none,,screen_false,,0,gpt-4o-mini,verdict
LLY_20210803_0043e072,LLY,2021-08-03,2021-12-31,numerical_guidance,False,none,,screen_false,,0,gpt-4o-mini,verdict
LLY_20211026_e7e0314e,LLY,2021-10-26,2021-12-31,numerical_guidance,True,magnitude,revtq,,verified,1,gpt-4o-mini,verdict
LLY_20211026_7a2cecfd,LLY,2021-10-26,2022-09-30,numerical_guidance,True,magnitude,revtq,,partially_verified,1,gpt-4o-mini,verdict
LLY_20211026_1f5abc1c,LLY,2021-10-26,2021-12-31,numerical_guidance,True,magnitude,revtq,,contradicted,1,gpt-4o-mini,verdict
LLY_20211026_f1bdbac7,LLY,2021-10-26,2021-12-31,numerical_guidance,True,magnitude,oibdpq,,verified,1,gpt-4o-mini,verdict
LLY_20211026_dab98fba,LLY,2021-10-26,2021-12-31,numerical_guidance,True,magnitude,piq,,contradicted,1,gpt-4o-mini,verdict
LLY_20211026_37a4fa90,LLY,2021-10-26,2021-12-31,numerical_guidance,True,magnitude,txtq,,contradicted,1,gpt-4o-mini,verdict
LLY_20211026_96566b40,LLY,2021-10-26,2021-12-31,numerical_guidance,True,magnitude,epsfxq,,contradicted,1,gpt-4o-mini,verdict
LLY_20211026_c2a34d8e,LLY,2021-10-26,2021-12-31,numerical_guidance,True,magnitude,epsfxq,,contradicted,1,gpt-4o-mini,verdict
LLY_20211026_cadf4320,LLY,2021-10-26,2022-12-31,numerical_guidance,True,magnitude,saleq;revtq,,contradicted,2,gpt-4o-mini,verdict
LLY_20211026_2cd114ab,LLY,2021-10-26,2022-06-30,numerical_guidance,False,none,,screen_false,,0,gpt-4o-mini,verdict
LLY_20211026_9ce89659,LLY,2021-10-26,2022-12-31,numerical_guidance,False,none,,screen_false,,0,gpt-4o-mini,verdict
LLY_20211026_fdc77d22,LLY,2021-10-26,2022-12-31,numerical_guidance,False,none,,screen_false,,0,gpt-4o-mini,verdict
LLY_20211026_9780abee,LLY,2021-10-26,2024-12-31,numerical_guidance,False,none,,screen_false,,0,gpt-4o-mini,verdict
LLY_20211026_87c3f5b7,LLY,2021-10-26,2022-12-31,numerical_guidance,False,none,,screen_false,,0,gpt-4o-mini,verdict
LLY_20211026_b24adff5,LLY,2021-10-26,2022-12-31,numerical_guidance,False,none,,screen_false,,0,gpt-4o-mini,verdict
LLY_20220203_73d37947,LLY,2022-02-03,2023-12-31,numerical_guidance,True,direction,revtq,,verified,2,gpt-4o-mini,verdict
LLY_20220203_22d86635,LLY,2022-02-03,2022-12-31,numerical_guidance,False,none,,screen_false,,0,gpt-4o-mini,verdict
LLY_20220203_053df00c,LLY,2022-02-03,2022-03-31,numerical_guidance,True,magnitude,revtq,,contradicted,1,gpt-4o-mini,verdict
LLY_20220203_33a6e671,LLY,2022-02-03,2022-12-31,numerical_guidance,True,direction,saleq,,verified,4,gpt-4o-mini,verdict
LLY_20220428_a5ad61c4,LLY,2022-04-28,2022-06-30,numerical_guidance,True,direction,revtq,,contradicted,1,gpt-4o-mini,verdict
LLY_20220428_f65503e3,LLY,2022-04-28,2022-12-31,numerical_guidance,True,magnitude,txtq,,contradicted,3,gpt-4o-mini,verdict
LLY_20220428_97ce6a3a,LLY,2022-04-28,2022-12-31,numerical_guidance,True,magnitude,txtq,,verified,2,gpt-4o-mini,verdict
LLY_20220804_7d0c9162,LLY,2022-08-04,2022-12-31,numerical_guidance,False,none,,screen_false,,0,gpt-4o-mini,verdict
LLY_20220804_877fc4fa,LLY,2022-08-04,2022-09-30,capital_allocation,False,none,,screen_false,,0,gpt-4o-mini,verdict
LLY_20220804_a470d656,LLY,2022-08-04,2023-12-31,capital_allocation,False,none,,screen_false,,0,gpt-4o-mini,verdict
LLY_20220804_45db87ad,LLY,2022-08-04,2022-12-31,numerical_guidance,False,none,,screen_false,,0,gpt-4o-mini,verdict
LLY_20220804_9030eb51,LLY,2022-08-04,2022-12-31,numerical_guidance,True,magnitude,saleq;revtq,,verified,2,gpt-4o-mini,verdict
LLY_20220804_b035e42a,LLY,2022-08-04,2022-12-31,capital_allocation,True,direction,xsgaq,,verified,2,gpt-4o-mini,verdict
LLY_20220804_8561760f,LLY,2022-08-04,2022-12-31,capital_allocation,True,magnitude,xrdq,,partially_verified,1,gpt-4o-mini,verdict
LLY_20220804_6e643fde,LLY,2022-08-04,2022-12-31,capital_allocation,False,none,,screen_false,,0,gpt-4o-mini,verdict
LLY_20220804_40d6548c,LLY,2022-08-04,2022-12-31,numerical_guidance,True,magnitude,txtq,,contradicted,2,gpt-4o-mini,verdict
LLY_20220804_d868f1d9,LLY,2022-08-04,2022-12-31,capital_allocation,False,none,,screen_false,,0,gpt-4o-mini,verdict
LLY_20220804_07a55467,LLY,2022-08-04,2023-12-31,capital_allocation,False,none,,screen_false,,0,gpt-4o-mini,verdict
LLY_20220804_1d3a0533,LLY,2022-08-04,2023-12-31,numerical_guidance,False,none,,screen_false,,0,gpt-4o-mini,verdict
LLY_20220804_e7f89b05,LLY,2022-08-04,2022-12-31,capital_allocation,False,none,,screen_false,,0,gpt-4o-mini,verdict
LLY_20221101_b1d12c86,LLY,2022-11-01,2023-12-31,capital_allocation,False,none,,screen_false,,0,gpt-4o-mini,verdict
LLY_20221101_2a7411cf,LLY,2022-11-01,2023-08-01,capital_allocation,True,magnitude,xrdq;capx_q,,partially_verified,6,gpt-4o-mini,verdict
LLY_20221101_333d7e8f,LLY,2022-11-01,2022-12-31,numerical_guidance,True,magnitude,revtq,,contradicted,1,gpt-4o-mini,verdict
LLY_20221101_f8b7dbfb,LLY,2022-11-01,2022-12-31,capital_allocation,False,none,,screen_false,,0,gpt-4o-mini,verdict
LLY_20221101_c2378f02,LLY,2022-11-01,2022-12-31,capital_allocation,False,none,,screen_false,,0,gpt-4o-mini,verdict
LLY_20221101_bdae5575,LLY,2022-11-01,2022-12-31,numerical_guidance,True,magnitude,txtq,,contradicted,1,gpt-4o-mini,verdict
LLY_20221101_14908877,LLY,2022-11-01,2022-12-31,numerical_guidance,True,magnitude,txtq,,contradicted,1,gpt-4o-mini,verdict
LLY_20221101_a5b4a0ed,LLY,2022-11-01,2022-12-31,numerical_guidance,True,magnitude,epsfxq,,contradicted,1,gpt-4o-mini,verdict
LLY_20221101_3f66cf5f,LLY,2022-11-01,2022-12-31,numerical_guidance,True,magnitude,epsfxq,,contradicted,1,gpt-4o-mini,verdict
LLY_20221101_b5a03bd3,LLY,2022-11-01,2023-12-31,numerical_guidance,False,none,,screen_false,,0,gpt-4o-mini,verdict
LLY_20221101_7d1752db,LLY,2022-11-01,2023-12-31,numerical_guidance,False,none,,screen_false,,0,gpt-4o-mini,verdict
LLY_20221101_e0b40b2a,LLY,2022-11-01,2023-12-31,numerical_guidance,False,none,,screen_false,,0,gpt-4o-mini,verdict
LLY_20221101_fa0cd1d1,LLY,2022-11-01,2023-12-31,capital_allocation,False,none,,screen_false,,0,gpt-4o-mini,verdict
LLY_20230202_a465d094,LLY,2023-02-02,2023-12-31,numerical_guidance,False,none,,screen_false,,0,gpt-4o-mini,verdict
LLY_20230202_51139abc,LLY,2023-02-02,2023-12-31,capital_allocation,False,none,,screen_false,,0,gpt-4o-mini,verdict
LLY_20230202_ea6480da,LLY,2023-02-02,2023-12-31,numerical_guidance,True,magnitude,txtq,,verified,2,gpt-4o-mini,verdict
LLY_20230202_a794d372,LLY,2023-02-02,2023-12-31,numerical_guidance,True,magnitude,epspxq;epsfxq,,contradicted,2,gpt-4o-mini,verdict
LLY_20230202_37d11b0e,LLY,2023-02-02,2023-12-31,numerical_guidance,True,magnitude,revtq,,verified,2,gpt-4o-mini,verdict
LLY_20230202_cd364945,LLY,2023-02-02,2023-12-31,capital_allocation,False,none,,screen_false,,0,gpt-4o-mini,verdict
LLY_20230202_58443919,LLY,2023-02-02,2023-12-31,capital_allocation,True,magnitude,capx_q,,contradicted,2,gpt-4o-mini,verdict
LLY_20230427_de0fe734,LLY,2023-04-27,2023-12-31,capital_allocation,False,none,,screen_false,,0,gpt-4o-mini,verdict
LLY_20230427_f31d4409,LLY,2023-04-27,2023-12-31,numerical_guidance,True,magnitude,revtq,,verified,3,gpt-4o-mini,verdict
LLY_20230427_0c5bc514,LLY,2023-04-27,2023-12-31,capital_allocation,True,magnitude,xsgaq,,verified,3,gpt-4o-mini,verdict
LLY_20230427_ad45ec2d,LLY,2023-04-27,2023-12-31,capital_allocation,True,magnitude,xrdq,,verified,2,gpt-4o-mini,verdict
LLY_20230427_0bf7c756,LLY,2023-04-27,2023-12-31,numerical_guidance,True,magnitude,epsfxq,,contradicted,1,gpt-4o-mini,verdict
LLY_20230427_5638a15f,LLY,2023-04-27,2023-12-31,numerical_guidance,True,magnitude,epsfxq,,contradicted,1,gpt-4o-mini,verdict
LLY_20230427_4d636b7a,LLY,2023-04-27,2025-12-31,numerical_guidance,False,none,,screen_false,,0,gpt-4o-mini,verdict
LLY_20230427_0fbffc0d,LLY,2023-04-27,2023-06-30,numerical_guidance,False,none,,screen_false,,0,gpt-4o-mini,verdict
LLY_20230427_8134c1d7,LLY,2023-04-27,2023-06-30,numerical_guidance,True,direction,saleq;oibdpq,,verified,2,gpt-4o-mini,verdict
LLY_20230427_3a4d2cce,LLY,2023-04-27,2023-12-31,capital_allocation,False,none,,screen_false,,0,gpt-4o-mini,verdict
LLY_20230427_46c2b4a6,LLY,2023-04-27,2023-06-30,capital_allocation,False,none,,screen_false,,0,gpt-4o-mini,verdict
LLY_20230427_7d4c6cfa,LLY,2023-04-27,2023-12-31,capital_allocation,False,none,,screen_false,,0,gpt-4o-mini,verdict
LLY_20230427_d5e018c6,LLY,2023-04-27,2023-06-30,capital_allocation,False,none,,screen_false,,0,gpt-4o-mini,verdict
LLY_20230427_aee1ba5e,LLY,2023-04-27,2023-12-31,capital_allocation,False,none,,screen_false,,0,gpt-4o-mini,verdict
LLY_20230808_8ef87e51,LLY,2023-08-08,2023-09-30,numerical_guidance,False,none,,screen_false,,0,gpt-4o-mini,verdict
LLY_20230808_f9c88d1f,LLY,2023-08-08,2023-12-31,numerical_guidance,True,magnitude,revtq,,verified,2,gpt-4o-mini,verdict
LLY_20230808_25dcc995,LLY,2023-08-08,2023-12-31,numerical_guidance,True,magnitude,epsfxq,,contradicted,1,gpt-4o-mini,verdict
LLY_20230808_4567e35f,LLY,2023-08-08,2023-12-31,numerical_guidance,False,none,,screen_false,,0,gpt-4o-mini,verdict
LLY_20231102_13f362d2,LLY,2023-11-02,2023-12-31,capital_allocation,False,none,,screen_false,,0,gpt-4o-mini,verdict
LLY_20231102_aafedd33,LLY,2023-11-02,2024-12-31,capital_allocation,False,none,,screen_false,,0,gpt-4o-mini,verdict
LLY_20231102_ab24d261,LLY,2023-11-02,2023-12-31,capital_allocation,False,none,,screen_false,,0,gpt-4o-mini,verdict
LLY_20231102_cdbc83ba,LLY,2023-11-02,2024-12-31,capital_allocation,False,none,,screen_false,,0,gpt-4o-mini,verdict
LLY_20240206_f071ccba,LLY,2024-02-06,2024-12-31,capital_allocation,False,none,,screen_false,,0,gpt-4o-mini,verdict
LLY_20240206_c2db90ce,LLY,2024-02-06,2024-12-31,numerical_guidance,False,none,,screen_false,,0,gpt-4o-mini,verdict
LLY_20240206_6e7a2da6,LLY,2024-02-06,2024-12-31,numerical_guidance,True,magnitude,revtq,,contradicted,1,gpt-4o-mini,verdict
LLY_20240206_506ab5b6,LLY,2024-02-06,2024-12-31,numerical_guidance,True,magnitude,saleq;revtq,,verified,2,gpt-4o-mini,verdict
LLY_20240206_eb34f72f,LLY,2024-02-06,2024-12-31,numerical_guidance,False,none,,screen_false,,0,gpt-4o-mini,verdict
LLY_20240206_5d76cb28,LLY,2024-02-06,2024-12-31,numerical_guidance,True,magnitude,txtq,,verified,1,gpt-4o-mini,verdict
LLY_20240206_4df3cd1a,LLY,2024-02-06,2024-12-31,numerical_guidance,True,magnitude,epsfxq,,contradicted,1,gpt-4o-mini,verdict
LLY_20240206_03b80a31,LLY,2024-02-06,2024-12-31,numerical_guidance,True,magnitude,cshoq,,contradicted,1,gpt-4o-mini,verdict
LLY_20240206_b137fc14,LLY,2024-02-06,2024-12-31,numerical_guidance,True,magnitude,saleq;revtq,,verified,2,gpt-4o-mini,verdict
LLY_20240430_bb8738ad,LLY,2024-04-30,2025-12-31,capital_allocation,False,none,,screen_false,,0,gpt-4o-mini,verdict
LLY_20240430_56b1cef2,LLY,2024-04-30,2024-12-31,numerical_guidance,False,none,,screen_false,,0,gpt-4o-mini,verdict
LLY_20240430_ccb7d816,LLY,2024-04-30,2024-12-31,numerical_guidance,True,magnitude,revtq,,verified,3,gpt-4o-mini,verdict
LLY_20240430_fba2a693,LLY,2024-04-30,2024-12-31,numerical_guidance,True,magnitude,saleq;revtq,,verified,4,gpt-4o-mini,verdict
LLY_20240430_187057ef,LLY,2024-04-30,2024-12-31,numerical_guidance,True,magnitude,revtq;cogsq;xsgaq,,not_yet_resolvable,9,gpt-4o-mini,verdict
LLY_20240430_e2e27250,LLY,2024-04-30,2024-12-31,numerical_guidance,True,magnitude,epspxq;epsfxq,,contradicted,3,gpt-4o-mini,verdict
LLY_20240430_4995fea1,LLY,2024-04-30,2025-12-31,capital_allocation,False,none,,screen_false,,0,gpt-4o-mini,verdict
LLY_20240430_35c6208a,LLY,2024-04-30,2024-12-31,capital_allocation,False,none,,screen_false,,0,gpt-4o-mini,verdict
LLY_20240808_154f4997,LLY,2024-08-08,2024-12-31,capital_allocation,False,none,,screen_false,,0,gpt-4o-mini,verdict
LLY_20240808_2f172bdb,LLY,2024-08-08,2024-12-31,numerical_guidance,False,none,,screen_false,,0,gpt-4o-mini,verdict
LLY_20240808_05a6c2ba,LLY,2024-08-08,2024-12-31,numerical_guidance,True,magnitude,revtq,,verified,2,gpt-4o-mini,verdict
LLY_20240808_48a88092,LLY,2024-08-08,2024-12-31,numerical_guidance,True,magnitude,saleq;revtq,,verified,3,gpt-4o-mini,verdict
LLY_20241030_7a376dd0,LLY,2024-10-30,2024-12-31,numerical_guidance,False,none,,screen_false,,0,gpt-4o-mini,verdict
LLY_20241030_b9be09b8,LLY,2024-10-30,2025-12-31,numerical_guidance,False,none,,screen_false,,0,gpt-4o-mini,verdict
LLY_20241030_4c9d043b,LLY,2024-10-30,2024-12-31,numerical_guidance,True,magnitude,revtq,,contradicted,1,gpt-4o-mini,verdict
LLY_20241030_a0e2ba1f,LLY,2024-10-30,2024-12-31,numerical_guidance,True,magnitude,saleq;revtq,,verified,2,gpt-4o-mini,verdict
LLY_20241030_db4baf35,LLY,2024-10-30,2024-12-31,numerical_guidance,False,none,,screen_false,,0,gpt-4o-mini,verdict
LLY_20250206_47fb5689,LLY,2025-02-06,2025-12-31,numerical_guidance,True,magnitude,revtq,,verified,1,gpt-4o-mini,verdict
LLY_20250206_2d39e5f2,LLY,2025-02-06,2025-12-31,numerical_guidance,True,magnitude,revtq,,verified,2,gpt-4o-mini,verdict
LLY_20250206_4645d0b3,LLY,2025-02-06,2025-12-31,numerical_guidance,False,none,,screen_false,,0,gpt-4o-mini,verdict
LLY_20250206_7f5891e5,LLY,2025-02-06,2025-06-30,numerical_guidance,False,none,,screen_false,,0,gpt-4o-mini,verdict
LLY_20250206_f0e05812,LLY,2025-02-06,2025-12-31,numerical_guidance,False,none,,screen_false,,0,gpt-4o-mini,verdict
LLY_20250206_277a59ad,LLY,2025-02-06,2025-09-30,numerical_guidance,False,none,,screen_false,,0,gpt-4o-mini,verdict
LLY_20250206_7387e4cd,LLY,2025-02-06,2025-12-31,numerical_guidance,False,none,,screen_false,,0,gpt-4o-mini,verdict
LLY_20250501_efb3cdd2,LLY,2025-05-01,2025-12-31,numerical_guidance,False,none,,screen_false,,0,gpt-4o-mini,verdict
LLY_20250501_ec8986df,LLY,2025-05-01,2026-05-01,numerical_guidance,False,none,,screen_false,,0,gpt-4o-mini,verdict
LLY_20250501_143c94bd,LLY,2025-05-01,2026-05-01,numerical_guidance,False,none,,screen_false,,0,gpt-4o-mini,verdict
LLY_20250501_14390178,LLY,2025-05-01,2025-12-31,numerical_guidance,False,none,,screen_false,,0,gpt-4o-mini,verdict
LLY_20250501_fee828dc,LLY,2025-05-01,2025-12-31,numerical_guidance,True,magnitude,saleq;revtq,,verified,4,gpt-4o-mini,verdict
LLY_20250501_a076d740,LLY,2025-05-01,2025-12-31,numerical_guidance,False,none,,screen_false,,0,gpt-4o-mini,verdict
LLY_20250807_0cad320f,LLY,2025-08-07,2025-12-31,capital_allocation,False,none,,screen_false,,0,gpt-4o-mini,verdict
LLY_20250807_674e42d0,LLY,2025-08-07,2025-12-31,numerical_guidance,False,none,,screen_false,,0,gpt-4o-mini,verdict
LLY_20250807_4cebfda7,LLY,2025-08-07,2025-12-31,numerical_guidance,True,magnitude,revtq,,verified,1,gpt-4o-mini,verdict
LLY_20250807_cce49b1c,LLY,2025-08-07,2025-12-31,numerical_guidance,True,magnitude,saleq;revtq,,not_yet_resolvable,2,gpt-4o-mini,verdict
LLY_20250807_b330bf4b,LLY,2025-08-07,2025-12-31,numerical_guidance,True,magnitude,epsfxq,,contradicted,2,gpt-4o-mini,verdict
LLY_20250807_bdaab72c,LLY,2025-08-07,2025-12-31,numerical_guidance,False,none,,screen_false,,0,gpt-4o-mini,verdict
LLY_20251030_448e63e8,LLY,2025-10-30,2025-12-31,numerical_guidance,True,magnitude,revtq,,verified,1,gpt-4o-mini,verdict
LLY_20260204_f752a62a,LLY,2026-02-04,2026-12-31,numerical_guidance,True,magnitude,revtq,,not_yet_resolvable,1,gpt-4o-mini,verdict
LLY_20260204_4e13e32a,LLY,2026-02-04,2026-12-31,numerical_guidance,False,none,,screen_false,,0,gpt-4o-mini,verdict
LLY_20260204_0213484b,LLY,2026-02-04,2026-12-31,numerical_guidance,False,none,,screen_false,,0,gpt-4o-mini,verdict
LLY_20260204_ecc44d3c,LLY,2026-02-04,2026-12-31,numerical_guidance,True,magnitude,epsfxq,,not_yet_resolvable,1,gpt-4o-mini,verdict
LLY_20260204_01015e66,LLY,2026-02-04,2026-12-31,numerical_guidance,False,none,,screen_false,,0,gpt-4o-mini,verdict
LLY_20260204_3ef2c414,LLY,2026-02-04,2026-12-31,numerical_guidance,False,none,,screen_false,,0,gpt-4o-mini,verdict
LLY_20260204_1b60f36c,LLY,2026-02-04,2027-12-31,numerical_guidance,False,none,,screen_false,,0,gpt-4o-mini,verdict
LLY_20260204_41dd80f2,LLY,2026-02-04,2026-12-31,numerical_guidance,False,none,,screen_false,,0,gpt-4o-mini,verdict
LLY_20260204_4892fffb,LLY,2026-02-04,2026-07-31,numerical_guidance,False,none,,screen_false,,0,gpt-4o-mini,verdict
LLY_20260430_00640634,LLY,2026-04-30,2026-12-31,numerical_guidance,True,magnitude,revtq,empty_panel,,0,gpt-4o-mini,verdict
LLY_20260430_b2092cc1,LLY,2026-04-30,2026-12-31,numerical_guidance,True,magnitude,revtq,empty_panel,,0,gpt-4o-mini,verdict
LLY_20260430_c85fa0a3,LLY,2026-04-30,2026-12-31,numerical_guidance,False,none,,screen_false,,0,gpt-4o-mini,verdict
LLY_20260430_11450539,LLY,2026-04-30,2026-12-31,numerical_guidance,False,none,,screen_false,,0,gpt-4o-mini,verdict
LLY_20260430_965bcff4,LLY,2026-04-30,2026-12-31,capital_allocation,False,none,,screen_false,,0,gpt-4o-mini,verdict
LLY_20260430_b6273187,LLY,2026-04-30,2026-12-31,numerical_guidance,False,none,,screen_false,,0,gpt-4o-mini,verdict
LLY_20260430_b9d46c45,LLY,2026-04-30,2026-12-31,numerical_guidance,False,none,,screen_false,,0,gpt-4o-mini,verdict
LLY_20260430_2e3ecf08,LLY,2026-04-30,2026-12-31,numerical_guidance,False,none,,screen_false,,0,gpt-4o-mini,verdict
TSLA_20200129_dc0576fb,TSLA,2020-01-29,2020-12-31,numerical_guidance,False,none,,screen_false,,0,gpt-4o-mini,verdict
TSLA_20200129_5bc50bb9,TSLA,2020-01-29,2022-01-29,numerical_guidance,False,none,,screen_false,,0,gpt-4o-mini,verdict
TSLA_20200429_5bec32f8,TSLA,2020-04-29,2021-12-31,numerical_guidance,False,none,,screen_false,,0,gpt-4o-mini,verdict
TSLA_20200429_3f2c52c9,TSLA,2020-04-29,2020-07-29,numerical_guidance,False,none,,screen_false,,0,gpt-4o-mini,verdict
TSLA_20200722_f47fe27b,TSLA,2020-07-22,2020-12-31,numerical_guidance,False,none,,screen_false,,0,gpt-4o-mini,verdict
TSLA_20200722_3d2d5227,TSLA,2020-07-22,2022-01-22,capital_allocation,False,none,,screen_false,,0,gpt-4o-mini,verdict
TSLA_20200722_f5b9df4d,TSLA,2020-07-22,2021-12-31,capital_allocation,False,none,,screen_false,,0,gpt-4o-mini,verdict
TSLA_20200722_d4fd1694,TSLA,2020-07-22,2020-12-31,capital_allocation,False,none,,screen_false,,0,gpt-4o-mini,verdict
TSLA_20201021_a5697a87,TSLA,2020-10-21,2021-12-31,capital_allocation,False,none,,screen_false,,0,gpt-4o-mini,verdict
TSLA_20201021_68210085,TSLA,2020-10-21,2022-10-21,numerical_guidance,False,none,,screen_false,,0,gpt-4o-mini,verdict
TSLA_20201021_1ee58ac9,TSLA,2020-10-21,2020-12-31,capital_allocation,False,none,,screen_false,,0,gpt-4o-mini,verdict
TSLA_20201021_72fd5a10,TSLA,2020-10-21,2021-12-31,capital_allocation,True,magnitude,capx_q,,verified,5,gpt-4o-mini,verdict
TSLA_20201021_b4d4bba1,TSLA,2020-10-21,2020-12-31,capital_allocation,True,magnitude,dltr_q,,contradicted,1,gpt-4o-mini,verdict
TSLA_20201021_565317a2,TSLA,2020-10-21,2020-12-31,numerical_guidance,False,none,,screen_false,,0,gpt-4o-mini,verdict
TSLA_20201021_2a390d56,TSLA,2020-10-21,2021-12-31,capital_allocation,False,none,,screen_false,,0,gpt-4o-mini,verdict
TSLA_20201021_a882aa21,TSLA,2020-10-21,2021-12-31,numerical_guidance,False,none,,screen_false,,0,gpt-4o-mini,verdict
TSLA_20210127_7a82cea9,TSLA,2021-01-27,2021-12-31,capital_allocation,False,none,,screen_false,,0,gpt-4o-mini,verdict
TSLA_20210127_bed69506,TSLA,2021-01-27,2022-12-31,numerical_guidance,False,none,,screen_false,,0,gpt-4o-mini,verdict
TSLA_20210127_ab5491f0,TSLA,2021-01-27,2022-12-31,numerical_guidance,False,none,,screen_false,,0,gpt-4o-mini,verdict
TSLA_20210127_99912859,TSLA,2021-01-27,2022-12-31,numerical_guidance,False,none,,screen_false,,0,gpt-4o-mini,verdict
TSLA_20210127_494bbcb6,TSLA,2021-01-27,2022-12-31,numerical_guidance,False,none,,screen_false,,0,gpt-4o-mini,verdict
TSLA_20210127_2ec727d7,TSLA,2021-01-27,2021-12-31,numerical_guidance,False,none,,screen_false,,0,gpt-4o-mini,verdict
TSLA_20210127_ee165bb3,TSLA,2021-01-27,2021-06-30,numerical_guidance,False,none,,screen_false,,0,gpt-4o-mini,verdict
TSLA_20210127_25ed1dea,TSLA,2021-01-27,2021-03-31,capital_allocation,True,magnitude,dltr_q,,contradicted,1,gpt-4o-mini,verdict
TSLA_20210127_e170a4a5,TSLA,2021-01-27,2021-12-31,numerical_guidance,True,magnitude,saleq;revtq,,verified,2,gpt-4o-mini,verdict
TSLA_20210127_11eea356,TSLA,2021-01-27,2022-12-31,numerical_guidance,True,magnitude,saleq;revtq,,verified,2,gpt-4o-mini,verdict
TSLA_20210127_dba552f6,TSLA,2021-01-27,2024-12-31,numerical_guidance,False,none,,screen_false,,0,gpt-4o-mini,verdict
TSLA_20210127_19ca1cd7,TSLA,2021-01-27,2025-12-31,numerical_guidance,False,none,,screen_false,,0,gpt-4o-mini,verdict
TSLA_20210426_14e387c4,TSLA,2021-04-26,2022-12-31,numerical_guidance,False,none,,screen_false,,0,gpt-4o-mini,verdict
TSLA_20210426_4ea2a4c3,TSLA,2021-04-26,2021-09-30,capital_allocation,False,none,,screen_false,,0,gpt-4o-mini,verdict
TSLA_20210426_cbe2ea30,TSLA,2021-04-26,2021-12-31,capital_allocation,False,none,,screen_false,,0,gpt-4o-mini,verdict
TSLA_20210426_9593a089,TSLA,2021-04-26,2021-12-31,numerical_guidance,True,magnitude,saleq;revtq,,verified,2,gpt-4o-mini,verdict
TSLA_20210426_0aebe6b6,TSLA,2021-04-26,2022-12-31,numerical_guidance,False,none,,screen_false,,0,gpt-4o-mini,verdict
TSLA_20210426_5301516c,TSLA,2021-04-26,2022-12-31,numerical_guidance,False,none,,screen_false,,0,gpt-4o-mini,verdict
TSLA_20210426_09936bac,TSLA,2021-04-26,2022-10-26,numerical_guidance,False,none,,screen_false,,0,gpt-4o-mini,verdict
TSLA_20210726_24e849c7,TSLA,2021-07-26,2022-12-31,numerical_guidance,False,none,,screen_false,,0,gpt-4o-mini,verdict
TSLA_20210726_066d66e4,TSLA,2021-07-26,2021-12-31,numerical_guidance,False,none,,screen_false,,0,gpt-4o-mini,verdict
TSLA_20210726_85610dd8,TSLA,2021-07-26,2022-12-31,numerical_guidance,False,none,,screen_false,,0,gpt-4o-mini,verdict
TSLA_20210726_2e67e94c,TSLA,2021-07-26,2022-12-31,numerical_guidance,False,none,,screen_false,,0,gpt-4o-mini,verdict
TSLA_20210726_f98a93a9,TSLA,2021-07-26,2022-12-31,numerical_guidance,True,magnitude,saleq;revtq,,verified,2,gpt-4o-mini,verdict
TSLA_20211020_103753d6,TSLA,2021-10-20,2021-12-31,numerical_guidance,True,magnitude,saleq,,verified,1,gpt-4o-mini,verdict
TSLA_20211020_ef9f4084,TSLA,2021-10-20,2023-12-31,numerical_guidance,False,none,,screen_false,,0,gpt-4o-mini,verdict
TSLA_20220126_c7fa5525,TSLA,2022-01-26,2022-12-31,capital_allocation,False,none,,screen_false,,0,gpt-4o-mini,verdict
TSLA_20220126_4bd4a829,TSLA,2022-01-26,2022-12-31,numerical_guidance,True,magnitude,saleq;revtq,,verified,4,gpt-4o-mini,verdict
TSLA_20220126_6e2d239d,TSLA,2022-01-26,2022-12-31,numerical_guidance,False,none,,screen_false,,0,gpt-4o-mini,verdict
TSLA_20220126_1d432c11,TSLA,2022-01-26,2022-12-31,capital_allocation,False,none,,screen_false,,0,gpt-4o-mini,verdict
TSLA_20220420_fb64220e,TSLA,2022-04-20,2022-12-31,numerical_guidance,True,magnitude,saleq;revtq,,verified,4,gpt-4o-mini,verdict
TSLA_20220420_ba0b0a1d,TSLA,2022-04-20,2022-12-31,numerical_guidance,False,none,,screen_false,,0,gpt-4o-mini,verdict
TSLA_20220420_040021e9,TSLA,2022-04-20,2022-12-31,numerical_guidance,False,none,,screen_false,,0,gpt-4o-mini,verdict
TSLA_20220420_1d024b82,TSLA,2022-04-20,2022-12-31,numerical_guidance,False,none,,screen_false,,0,gpt-4o-mini,verdict
TSLA_20220420_a8fce4a0,TSLA,2022-04-20,2022-12-31,numerical_guidance,False,none,,screen_false,,0,gpt-4o-mini,verdict
TSLA_20220720_9f354b01,TSLA,2022-07-20,2022-12-31,numerical_guidance,False,none,,screen_false,,0,gpt-4o-mini,verdict
TSLA_20220720_382603c9,TSLA,2022-07-20,2023-12-31,numerical_guidance,False,none,,screen_false,,0,gpt-4o-mini,verdict
TSLA_20220720_a2579c0e,TSLA,2022-07-20,2022-12-31,numerical_guidance,True,magnitude,saleq;revtq,,verified,3,gpt-4o-mini,verdict
TSLA_20220720_6ad61e51,TSLA,2022-07-20,2022-12-31,numerical_guidance,False,none,,screen_false,,0,gpt-4o-mini,verdict
TSLA_20220720_baff5847,TSLA,2022-07-20,2022-12-31,numerical_guidance,False,none,,screen_false,,0,gpt-4o-mini,verdict
TSLA_20220720_93398f41,TSLA,2022-07-20,2023-12-31,numerical_guidance,False,none,,screen_false,,0,gpt-4o-mini,verdict
TSLA_20220720_392723d4,TSLA,2022-07-20,2023-12-31,numerical_guidance,False,none,,screen_false,,0,gpt-4o-mini,verdict
TSLA_20221019_f8d83fa3,TSLA,2022-10-19,2022-12-31,numerical_guidance,False,none,,screen_false,,0,gpt-4o-mini,verdict
TSLA_20221019_ab8ca856,TSLA,2022-10-19,2022-12-31,numerical_guidance,False,none,,screen_false,,0,gpt-4o-mini,verdict
TSLA_20221019_73d007c6,TSLA,2022-10-19,2023-03-31,capital_allocation,False,none,,screen_false,,0,gpt-4o-mini,verdict
TSLA_20221019_c75c5e7e,TSLA,2022-10-19,2024-12-31,numerical_guidance,False,none,,screen_false,,0,gpt-4o-mini,verdict
TSLA_20221019_a8622975,TSLA,2022-10-19,2022-12-31,numerical_guidance,False,none,,screen_false,,0,gpt-4o-mini,verdict
TSLA_20221019_aa8c8b90,TSLA,2022-10-19,2023-12-31,capital_allocation,True,magnitude,prstkc_q,,contradicted,5,gpt-4o-mini,verdict
TSLA_20230125_9e6642ed,TSLA,2023-01-25,2023-12-31,numerical_guidance,True,magnitude,revtq,,partially_verified,4,gpt-4o-mini,verdict
TSLA_20230125_8f9b4cae,TSLA,2023-01-25,2023-12-31,numerical_guidance,False,none,,screen_false,,0,gpt-4o-mini,verdict
TSLA_20230125_5614305c,TSLA,2023-01-25,2024-12-31,numerical_guidance,False,none,,screen_false,,0,gpt-4o-mini,verdict
TSLA_20230125_a398bf43,TSLA,2023-01-25,2023-12-31,numerical_guidance,False,none,,screen_false,,0,gpt-4o-mini,verdict
TSLA_20230125_1a1a16ce,TSLA,2023-01-25,2023-12-31,numerical_guidance,False,none,,screen_false,,0,gpt-4o-mini,verdict
TSLA_20230419_ed13b7b2,TSLA,2023-04-19,2023-05-31,capital_allocation,False,none,,screen_false,,0,gpt-4o-mini,verdict
TSLA_20230419_efae9dab,TSLA,2023-04-19,2023-12-31,capital_allocation,False,none,,screen_false,,0,gpt-4o-mini,verdict
TSLA_20230419_7f197b81,TSLA,2023-04-19,2023-12-31,capital_allocation,False,none,,screen_false,,0,gpt-4o-mini,verdict
TSLA_20230419_afca2a2a,TSLA,2023-04-19,2024-04-19,numerical_guidance,False,none,,screen_false,,0,gpt-4o-mini,verdict
TSLA_20230419_061ef479,TSLA,2023-04-19,2024-12-31,numerical_guidance,False,none,,screen_false,,0,gpt-4o-mini,verdict
TSLA_20230419_af6528db,TSLA,2023-04-19,2024-12-31,numerical_guidance,False,none,,screen_false,,0,gpt-4o-mini,verdict
TSLA_20230419_e6a51f69,TSLA,2023-04-19,2024-12-31,numerical_guidance,False,none,,screen_false,,0,gpt-4o-mini,verdict
TSLA_20230419_f8978c84,TSLA,2023-04-19,2023-12-31,numerical_guidance,False,none,,screen_false,,0,gpt-4o-mini,verdict
TSLA_20230419_050e97e0,TSLA,2023-04-19,2023-12-31,capital_allocation,False,none,,screen_false,,0,gpt-4o-mini,verdict
TSLA_20230719_d60f3080,TSLA,2023-07-19,2023-12-31,numerical_guidance,False,none,,screen_false,,0,gpt-4o-mini,verdict
TSLA_20230719_d42d6d0d,TSLA,2023-07-19,2024-12-31,numerical_guidance,False,none,,screen_false,,0,gpt-4o-mini,verdict
TSLA_20230719_677893e0,TSLA,2023-07-19,2023-12-31,numerical_guidance,False,none,,screen_false,,0,gpt-4o-mini,verdict
TSLA_20230719_b09b21b0,TSLA,2023-07-19,2024-12-31,numerical_guidance,False,none,,screen_false,,0,gpt-4o-mini,verdict
TSLA_20230719_4675f0b6,TSLA,2023-07-19,2024-12-31,capital_allocation,True,magnitude,xrdq;capx_q,,verified,12,gpt-4o-mini,verdict
TSLA_20230719_79f71594,TSLA,2023-07-19,2026-12-31,capital_allocation,True,both,capx_q,,not_yet_resolvable,11,gpt-4o-mini,verdict
TSLA_20231018_32e56757,TSLA,2023-10-18,2024-12-31,capital_allocation,False,none,,screen_false,,0,gpt-4o-mini,verdict
TSLA_20240124_e97e7533,TSLA,2024-01-24,2024-03-31,numerical_guidance,False,none,,screen_false,,0,gpt-4o-mini,verdict
TSLA_20240124_c72f20f4,TSLA,2024-01-24,2024-12-31,capital_allocation,True,magnitude,capx_q,,verified,1,gpt-4o-mini,verdict
TSLA_20240124_bb0fbacd,TSLA,2024-01-24,2024-12-31,numerical_guidance,False,none,,screen_false,,0,gpt-4o-mini,verdict
TSLA_20240423_c00ad040,TSLA,2024-04-23,2024-12-31,numerical_guidance,False,none,,screen_false,,0,gpt-4o-mini,verdict
TSLA_20240423_5c6442fa,TSLA,2024-04-23,2024-12-31,numerical_guidance,False,none,,screen_false,,0,gpt-4o-mini,verdict
TSLA_20240423_8aa6c14e,TSLA,2024-04-23,2024-06-30,numerical_guidance,False,none,,screen_false,,0,gpt-4o-mini,verdict
TSLA_20240423_3d5958b2,TSLA,2024-04-23,2024-12-31,numerical_guidance,False,none,,screen_false,,0,gpt-4o-mini,verdict
TSLA_20240723_15e4580b,TSLA,2024-07-23,2025-12-31,numerical_guidance,False,none,,screen_false,,0,gpt-4o-mini,verdict
TSLA_20241023_b271d694,TSLA,2024-10-23,2025-12-31,numerical_guidance,True,direction,saleq,,contradicted,2,gpt-4o-mini,verdict
TSLA_20241023_48cd1e40,TSLA,2024-10-23,2025-12-31,numerical_guidance,True,magnitude,saleq,,partially_verified,5,gpt-4o-mini,verdict
TSLA_20241023_bbb021a4,TSLA,2024-10-23,2025-03-31,numerical_guidance,False,none,,screen_false,,0,gpt-4o-mini,verdict
TSLA_20250129_b6784f09,TSLA,2025-01-29,2025-12-31,numerical_guidance,False,none,,screen_false,,0,gpt-4o-mini,verdict
TSLA_20250129_31a0631f,TSLA,2025-01-29,2025-12-31,capital_allocation,True,direction,capx_q,,contradicted,5,gpt-4o-mini,verdict
TSLA_20250129_30ef983a,TSLA,2025-01-29,2025-12-31,numerical_guidance,False,none,,screen_false,,0,gpt-4o-mini,verdict
TSLA_20250129_2f3bc122,TSLA,2025-01-29,2025-03-31,capital_allocation,False,none,,screen_false,,0,gpt-4o-mini,verdict
TSLA_20250129_d0807d36,TSLA,2025-01-29,2026-12-31,numerical_guidance,False,none,,screen_false,,0,gpt-4o-mini,verdict
TSLA_20250129_6becf1b8,TSLA,2025-01-29,2026-12-31,numerical_guidance,False,none,,screen_false,,0,gpt-4o-mini,verdict
TSLA_20250422_524c7f33,TSLA,2025-04-22,2030-12-31,numerical_guidance,False,none,,screen_false,,0,gpt-4o-mini,verdict
TSLA_20250422_4f27001b,TSLA,2025-04-22,2030-12-31,numerical_guidance,False,none,,screen_false,,0,gpt-4o-mini,verdict
TSLA_20250422_c6157ee0,TSLA,2025-04-22,2025-12-31,capital_allocation,True,magnitude,capx_q,,contradicted,3,gpt-4o-mini,verdict
TSLA_20250422_932a8a4c,TSLA,2025-04-22,2026-12-31,numerical_guidance,False,none,,screen_false,,0,gpt-4o-mini,verdict
TSLA_20250723_a7f9f5dc,TSLA,2025-07-23,2025-12-31,numerical_guidance,False,none,,screen_false,,0,gpt-4o-mini,verdict
TSLA_20250723_1d2c8efe,TSLA,2025-07-23,2030-12-31,numerical_guidance,False,none,,screen_false,,0,gpt-4o-mini,verdict
TSLA_20250723_e105c025,TSLA,2025-07-23,2030-12-31,numerical_guidance,False,none,,screen_false,,0,gpt-4o-mini,verdict
TSLA_20250723_5e20df0e,TSLA,2025-07-23,2025-12-31,capital_allocation,True,magnitude,capx_q,,contradicted,2,gpt-4o-mini,verdict
TSLA_20250723_282c6129,TSLA,2025-07-23,2025-10-23,numerical_guidance,False,none,,screen_false,,0,gpt-4o-mini,verdict
TSLA_20250723_ad9adba4,TSLA,2025-07-23,2030-12-31,numerical_guidance,False,none,,screen_false,,0,gpt-4o-mini,verdict
TSLA_20250723_05cd643b,TSLA,2025-07-23,2026-12-31,numerical_guidance,False,none,,screen_false,,0,gpt-4o-mini,verdict
TSLA_20250723_2ddbcc5d,TSLA,2025-07-23,2026-12-31,numerical_guidance,False,none,,screen_false,,0,gpt-4o-mini,verdict
TSLA_20250723_95f3c778,TSLA,2025-07-23,2025-12-31,capital_allocation,False,none,,screen_false,,0,gpt-4o-mini,verdict
TSLA_20250723_bedcd74c,TSLA,2025-07-23,2026-12-31,capital_allocation,False,none,,screen_false,,0,gpt-4o-mini,verdict
TSLA_20251022_67c0a613,TSLA,2025-10-22,2026-12-31,capital_allocation,True,magnitude,capx_q,,not_yet_resolvable,2,gpt-4o-mini,verdict
TSLA_20251022_48ca48f5,TSLA,2025-10-22,2025-12-31,numerical_guidance,False,none,,screen_false,,0,gpt-4o-mini,verdict
TSLA_20251022_732aa2f0,TSLA,2025-10-22,2026-06-30,numerical_guidance,False,none,,screen_false,,0,gpt-4o-mini,verdict
TSLA_20251022_1892d6de,TSLA,2025-10-22,2027-10-22,numerical_guidance,False,none,,screen_false,,0,gpt-4o-mini,verdict
TSLA_20260128_6d566be1,TSLA,2026-01-28,2026-12-31,capital_allocation,True,magnitude,capx_q,,not_yet_resolvable,1,gpt-4o-mini,verdict
TSLA_20260128_a8612c15,TSLA,2026-01-28,2026-12-31,numerical_guidance,False,none,,screen_false,,0,gpt-4o-mini,verdict
TSLA_20260128_35a61866,TSLA,2026-01-28,2026-12-31,capital_allocation,False,none,,screen_false,,0,gpt-4o-mini,verdict
TSLA_20260128_c1c83485,TSLA,2026-01-28,2026-12-31,numerical_guidance,False,none,,screen_false,,0,gpt-4o-mini,verdict
TSLA_20260128_843ab509,TSLA,2026-01-28,2026-12-31,capital_allocation,False,none,,screen_false,,0,gpt-4o-mini,verdict
TSLA_20260128_4ebcfe85,TSLA,2026-01-28,2026-12-31,capital_allocation,True,magnitude,capx_q,,contradicted,1,gpt-4o-mini,verdict
TSLA_20260128_62e44d6b,TSLA,2026-01-28,2030-12-31,capital_allocation,False,none,,screen_false,,0,gpt-4o-mini,verdict
TSLA_20260128_0f3762b4,TSLA,2026-01-28,2029-12-31,capital_allocation,False,none,,screen_false,,0,gpt-4o-mini,verdict
TSLA_20260422_48bb1c6d,TSLA,2026-04-22,2026-12-31,capital_allocation,False,none,,screen_false,,0,gpt-4o-mini,verdict
TSLA_20260422_b29080c8,TSLA,2026-04-22,2027-12-31,capital_allocation,False,none,,screen_false,,0,gpt-4o-mini,verdict
TSLA_20260422_dccff5b6,TSLA,2026-04-22,2026-12-31,capital_allocation,False,none,,screen_false,,0,gpt-4o-mini,verdict
TSLA_20260422_60b899fc,TSLA,2026-04-22,2026-12-31,capital_allocation,False,none,,screen_false,,0,gpt-4o-mini,verdict
TSLA_20260422_90830f12,TSLA,2026-04-22,2026-12-31,capital_allocation,False,none,,screen_false,,0,gpt-4o-mini,verdict
TSLA_20260422_dbe6be98,TSLA,2026-04-22,2027-12-31,numerical_guidance,False,none,,screen_false,,0,gpt-4o-mini,verdict
