claim_id,company,ticker,call_date,fiscal_period,claim_type,speaker_name,verbatim_quote,summary,horizon_raw,horizon_end_date,verdict,grader,reasoning
KO_20200130_44410b62,The Coca-Cola Company,KO,2020-01-30,Q4 2019,capital_allocation,John Murphy,$2 billion in capital investments,Management expects $2 billion in capital investments in 2020.,2020,2020-12-31,contradicted,autochecker,"Management claimed $2.0 billion in capital investments for 2020. Realized 2020 quarterly capital expenditures were $327M + $209M + $223M + $418M = $1,177M, or $1.177 billion. This is about $823M below the claim, a shortfall of roughly 41% relative to the stated $2.0B, which is well outside the reasonable tolerance and more than 25% off."
KO_20200130_59d7b91c,The Coca-Cola Company,KO,2020-01-30,Q4 2019,numerical_guidance,John Murphy,we expect organic growth -- organic revenue growth of approximately 5%,Management expects organic revenue growth of approximately 5% in 2020.,2020,2020-12-31,contradicted,autochecker,"Using Compustat reported total revenue as the available proxy for revenue growth, 2020 full-year revenue was 8,601 + 7,150 + 8,652 + 8,611 = $33,014M. The 2019 baseline revenue was 8,694 + 9,997 + 9,507 + 9,068 = $37,266M. Realized reported revenue growth was therefore (33,014 / 37,266 - 1) = -11.4%, versus management's claim of approximately +5% organic revenue growth. The realized reported revenue change went in the opposite direction by a wide margin."
KO_20200130_f2d00f6e,The Coca-Cola Company,KO,2020-01-30,Q4 2019,numerical_guidance,John Murphy,comparable currency-neutral operating income growth of approximately 8%,Management expects comparable currency-neutral operating income growth of approximately 8% in 2020.,2020,2020-12-31,contradicted,autochecker,"Using Compustat operating income after D&A (oiadpq) as the available proxy, 2020 operating income summed to $9,837M (2,582 + 2,154 + 2,670 + 2,431). The 2019 base-year sum was $10,541M, so realised 2020 growth was (9,837 - 10,541) / 10,541 = -6.7%. Management claimed approximately +8% comparable currency-neutral operating income growth. The realised Compustat operating income change was negative, opposite the claimed positive growth."
KO_20200130_86a4e5ec,The Coca-Cola Company,KO,2020-01-30,Q4 2019,numerical_guidance,John Murphy,"we expect comparable earnings per share of approximately $2.25 for 2020, a 7% increase from the prior year","Management expects comparable earnings per share of approximately $2.25 in 2020, a 7% increase from the prior year.",2020,2020-12-31,contradicted,autochecker,"Using Compustat diluted EPS excluding extraordinary items (epsfxq), realised 2020 EPS is the sum of the four post-call quarters: 0.6 + 0.4 + 0.4 + 0.3 = $1.70. The claim was approximately $2.25, so realised EPS was $0.55 lower, about 24% below the claimed level. Versus the 2019 baseline sum of 0.4 + 0.6 + 0.6 + 0.5 = $2.10, realised 2020 EPS declined by about 19.0%, whereas management claimed a 7% increase. The direction of the year-over-year change is opposite the claim."
KO_20200130_424ed141,The Coca-Cola Company,KO,2020-01-30,Q4 2019,numerical_guidance,John Murphy,We also expect to generate approximately $8 billion of free cash flow for 2020,Management expects to generate approximately $8 billion of free cash flow in 2020.,2020,2020-12-31,verified,autochecker,"Free cash flow is calculated as operating cash flow minus capital expenditures. For 2020, operating cash flow summed to $9,844M (556 + 2,230 + 3,434 + 3,624) and capex summed to $1,177M (327 + 209 + 223 + 418), giving realised free cash flow of $8,667M, or about $8.7B. Management guided to approximately $8.0B, so the realised value was about 8.3% above the claim, within the ~10% tolerance for an approximate magnitude."
KO_20200130_2edef74f,The Coca-Cola Company,KO,2020-01-30,Q4 2019,numerical_guidance,John Murphy,through $10 billion in cash from operations,Management expects $10 billion in cash from operations in 2020.,2020,2020-12-31,verified,autochecker,"The relevant realised cash from operations is the sum of quarterly oancf_q for fiscal 2020: 556 + 2,230 + 3,434 + 3,624 = 9,844 million, or $9.844 billion. Management’s claim was $10 billion in cash from operations for 2020. The realised amount was about $0.156 billion below the claim, a shortfall of roughly 1.6%, which is within a reasonable tolerance for magnitude guidance."
KO_20200421_0d9d72e0,The Coca-Cola Company,KO,2020-04-21,Q1 2020,numerical_guidance,John Murphy,We still expect the company's underlying effective tax rate to be 19.5% for the year.,Management expects the company’s underlying effective tax rate to be 19.5% for the year.,for the year,2020-12-31,contradicted,autochecker,"For the post-call quarters through the 2020 year-end horizon, reported income tax expense was $1,766M and pretax income was $6,739M, giving a realised effective tax rate of 26.2% (1,766 / 6,739). Management’s claimed underlying effective tax rate was 19.5%. The realised Compustat tax rate is higher by 6.7 percentage points, about 34% above the claimed rate, which is well outside the reasonable tolerance."
KO_20210210_5500e80a,The Coca-Cola Company,KO,2021-02-10,Q4 2020,capital_allocation,John Murphy,we expect capital expenditures of approximately $1.5 billion,Management expects capital expenditures of approximately $1.5 billion in 2021.,2021,2021-12-31,verified,autochecker,"Management claimed 2021 capital expenditures would be approximately $1.5 billion. Realised 2021 capex was 216 + 234 + 278 + 639 = $1,367 million, or $1.367 billion. This is $133 million below the claim, an 8.9% shortfall versus $1.5 billion, which is within the ~10% tolerance for an approximate magnitude."
KO_20210210_90c22528,The Coca-Cola Company,KO,2021-02-10,Q4 2020,numerical_guidance,John Murphy,expect to deliver at least $10 billion in cash from operations,Management expects to deliver at least $10 billion in cash from operations in 2021.,2021,2021-12-31,verified,autochecker,"Management guided to at least $10.0 billion in cash from operations for 2021. Summing post-call 2021 quarterly operating cash flow gives $1.636B + $3.889B + $3.706B + $3.394B = $12.625B. This exceeds the claimed minimum by $2.625B, so the guidance was met."
KO_20210721_e40df893,The Coca-Cola Company,KO,2021-07-21,Q2 2021,numerical_guidance,John Murphy,We now expect to deliver year-over-year organic revenue growth of 12% to 14%,Management expects organic revenue to grow 12% to 14% year over year in 2021.,in 2021,2021-12-31,verified,autochecker,"Using reported revenue/sales as the Compustat proxy for organic revenue, the post-call 2021 quarters totaled $19,506M in revenue/sales ($10,042M + $9,464M). The comparable prior-year quarters in the base period totaled $17,263M ($8,652M + $8,611M). That implies year-over-year growth of 13.0% for the post-call portion of the 2021 horizon, which falls within management's guided 12% to 14% range."
KO_20210721_870d4328,The Coca-Cola Company,KO,2021-07-21,Q2 2021,numerical_guidance,John Murphy,comparable EPS growth of 13% to 15% in 2021,Management expects comparable EPS to grow 13% to 15% in 2021.,in 2021,2021-12-31,not_yet_resolvable,autochecker,"The claim is for full-year 2021 comparable EPS growth of 13% to 15% versus 2020. The post-call evidence shows diluted EPS of $0.60 in Q3 2021 and $0.60 in Q4 2021. Combining these with the pre-call 2021 quarters shown would give 2021 EPS of $2.30, but the panel does not include Q1 2020 or Q2 2020 EPS, so the full-year 2020 baseline needed to calculate 2021 EPS growth is missing. Therefore the realised full-year growth rate cannot be computed from the provided Compustat panel."
KO_20210721_4d916665,The Coca-Cola Company,KO,2021-07-21,Q2 2021,numerical_guidance,John Murphy,our updated guidance for free cash flow of at least $9 billion,Management's updated full-year free cash flow guidance is at least $9 billion.,full year,2021-12-31,verified,autochecker,"Free cash flow is operating cash flow less capital expenditures. In the post-call quarters, Q3 FCF was $3.428B (3706 - 278) and Q4 FCF was $2.755B (3394 - 639), for post-call FCF of $6.183B. The company had already generated $5.075B of FCF in 1H 2021 before the call, so full-year 2021 FCF was $11.258B. This exceeds management's guidance of at least $9.0B by about $2.258B, so the guidance was achieved."
KO_20211027_ffc1deb3,The Coca-Cola Company,KO,2021-10-27,Q3 2021,numerical_guidance,John Murphy,comparable EPS growth of 15% to 17% in 2021,Management expects comparable EPS growth of 15% to 17% in 2021.,2021,2021-12-31,not_yet_resolvable,autochecker,"The post-call panel provides only Q4 2021 diluted EPS ex. extraordinary items of $0.60. The claim is for full-year 2021 comparable EPS growth of 15% to 17%, which requires full-year 2021 EPS and the full-year 2020 baseline. Although 2021 EPS can be partly assembled from the displayed quarters, the needed prior-year full-year EPS baseline is not present in the panel, and the table also contains GAAP epsfxq rather than explicitly 'comparable' EPS. Therefore the realised full-year growth cannot be computed from the supplied Compustat data."
KO_20211027_0e7fd0cc,The Coca-Cola Company,KO,2021-10-27,Q3 2021,numerical_guidance,John Murphy,Our updated guidance for free cash flow of approximately $10.5 billion,Management's updated free cash flow guidance is approximately $10.5 billion for the full year.,full year,2021-12-31,verified,autochecker,"Free cash flow is calculated as operating cash flow less capital expenditures. For Q4 2021, the post-call quarter, realised FCF was $3.394B - $0.639B = $2.755B. Combining this with the already-reported 2021 Q1-Q3 FCF from the panel ($1.420B + $3.655B + $3.428B) gives full-year 2021 FCF of $11.258B. Management guided to approximately $10.5B; the realised value was about $0.758B higher, or 7.2% above guidance, within the ~10% tolerance for an approximate magnitude claim."
KO_20211027_5491d8d4,The Coca-Cola Company,KO,2021-10-27,Q3 2021,numerical_guidance,John Murphy,a 2- to 3-point headwind to earnings for the full year of 2022,Management estimates a 2- to 3-point currency headwind to earnings for full year 2022.,the full year of 2022,2022-12-31,verified,autochecker,"Using Compustat net income as the earnings measure, FY2022 net income was 2781 + 1905 + 2825 + 2031 = $9,542M. The comparable FY2021 net income from the provided quarters was 2245 + 2641 + 2471 + 2414 = $9,771M, so realised earnings changed by (9542 / 9771 - 1) = -2.3%. That is a 2.3-point decline/headwind, within management's claimed 2- to 3-point headwind range. Compustat does not isolate currency effects specifically, so this verifies the earnings magnitude using niq, not the FX attribution."
KO_20220210_2ef73ff7,The Coca-Cola Company,KO,2022-02-10,Q4 2021,capital_allocation,John Murphy,less approximately $1.5 billion in capital investments.,Management expects approximately $1.5 billion in capital investments over 2022.,over 2022,2022-12-31,verified,autochecker,"Management expected approximately $1.5 billion in 2022 capital investments. Realized 2022 capital expenditures were $217M + $270M + $289M + $708M = $1,484M, or $1.484B. This is only about 1.1% below the claimed ~$1.5B, well within a reasonable tolerance."
KO_20220210_ae9821f8,The Coca-Cola Company,KO,2022-02-10,Q4 2021,numerical_guidance,John Murphy,We expect organic revenue growth of approximately 7% to 8%,Management expects 2022 organic revenue growth of approximately 7% to 8%.,2022,2022-12-31,partially_verified,autochecker,"Using Compustat total revenue as the available proxy for the revenue-growth claim, 2022 revenue was $43,004M (10,491 + 11,325 + 11,063 + 10,125) versus 2021 revenue of $38,655M from the base-period quarters. The realised reported revenue growth was therefore (43,004 - 38,655) / 38,655 = 11.3%. Management guided to approximately 7% to 8% organic revenue growth. The realised reported revenue growth was positive, consistent with the direction, but it was materially above the guided range and outside a ~10% tolerance."
KO_20220210_a9fd176c,The Coca-Cola Company,KO,2022-02-10,Q4 2021,numerical_guidance,John Murphy,we expect comparable currency-neutral earnings per share growth of 8% to 10% versus 2021.,Management expects 2022 comparable currency-neutral earnings per share growth of 8% to 10% versus 2021.,2022,2022-12-31,contradicted,autochecker,"Using Compustat diluted EPS excluding extraordinary items (epsfxq), realised 2022 EPS sums to 2.1 (=0.6+0.4+0.6+0.5). The 2021 baseline EPS sums to 2.3 (=0.5+0.6+0.6+0.6). The realised change was (2.1/2.3 - 1) = -8.7%, versus management's expected +8% to +10% growth. This is the opposite direction and well outside tolerance. Note that Compustat epsfxq is not explicitly 'comparable currency-neutral' EPS, but on the available EPS field the claim is not supported."
KO_20220210_2a9aa87e,The Coca-Cola Company,KO,2022-02-10,Q4 2021,numerical_guidance,John Murphy,we estimate an effective tax rate increase from 18.6% in 2021 to 20% for 2022,Management estimates the effective tax rate will increase to 20% for 2022 from 18.6% in 2021.,2022,2022-12-31,contradicted,autochecker,"Using Compustat income tax expense divided by pretax income for FY2022: total txtq = 665 + 384 + 622 + 444 = 2,115; total piq = 3,458 + 2,284 + 3,444 + 2,500 = 11,686. The realised effective tax rate was 2,115 / 11,686 = 18.1%. Management claimed the effective tax rate would increase to 20% in 2022 from 18.6% in 2021. Instead, the realised 2022 rate was below both the claimed 20% level and the stated 18.6% 2021 baseline, so the direction of increase did not hold."
KO_20220210_11091dd0,The Coca-Cola Company,KO,2022-02-10,Q4 2021,numerical_guidance,John Murphy,we expect comparable earnings per share growth of 5% to 6% versus 2021,Management expects comparable earnings per share growth of 5% to 6% versus 2021.,2022,2022-12-31,contradicted,autochecker,"Using diluted EPS excluding extraordinary items (epsfxq), realised 2022 EPS was 0.6 + 0.4 + 0.6 + 0.5 = 2.1. The 2021 baseline from the pre-call quarters was 0.5 + 0.6 + 0.6 + 0.6 = 2.3. Realised growth was (2.1 / 2.3 - 1) = -8.7%, versus management's expected +5% to +6% growth. The realised result went in the opposite direction from the claim."
KO_20220210_1a0724fd,The Coca-Cola Company,KO,2022-02-10,Q4 2021,numerical_guidance,John Murphy,We expect to generate approximately $10.5 billion of free cash flow over 2022,Management expects to generate approximately $10.5 billion of free cash flow over 2022.,over 2022,2022-12-31,verified,autochecker,"Free cash flow is computed as operating cash flow minus capital expenditures. For 2022, operating cash flow summed to $11.018B (623 + 3923 + 3522 + 2950 million) and capex summed to $1.484B (217 + 270 + 289 + 708 million), giving realised free cash flow of $9.534B. Management claimed approximately $10.5B, so the realised value was lower by $0.966B, or about 9.2% relative to the claim, which is within the ~10% tolerance for an approximate magnitude."
KO_20220210_7af0fc9d,The Coca-Cola Company,KO,2022-02-10,Q4 2021,numerical_guidance,John Murphy,through approximately $12 billion in cash from operations,Management expects approximately $12 billion in cash from operations over 2022.,over 2022,2022-12-31,verified,autochecker,"Management guided to approximately $12.0 billion in cash from operations for 2022. Summing the post-call 2022 quarterly operating cash flow values gives $11,018 million, or $11.018 billion ($623M + $3,923M + $3,522M + $2,950M). This is about 8.2% below the claimed $12.0 billion, within the ~10% tolerance for an approximate magnitude claim."
KO_20220425_531fd1c4,The Coca-Cola Company,KO,2022-04-25,Q1 2022,capital_allocation,John Murphy,less approximately $1.5 billion in capital investments,Management expects approximately $1.5 billion in capital investments for 2022.,2022,2022-12-31,verified,autochecker,"The post-call capital expenditures were $270M in Q2, $289M in Q3, and $708M in Q4, totaling $1.267B after the call. Including the already-reported Q1 2022 capex of $217M, full-year 2022 capital investments were $1.484B. This is very close to management's approximately $1.5B expectation, differing by about $16M or 1.1%."
KO_20220425_6a08764e,The Coca-Cola Company,KO,2022-04-25,Q1 2022,capital_allocation,John Murphy,"For 2022, we announced a dividend increase of 5%",Management announced a 5% dividend increase for 2022.,2022,2022-12-31,verified,autochecker,"Using cash dividends paid (dv_q), the post-call 2022 Q2-Q4 total was $5,710M (1904 + 100 + 3706). The comparable 2021 Q2-Q4 base-period total was $5,442M (1813 + 1814 + 1815). That is an increase of $268M, or 4.9%, versus the claimed 5% dividend increase. Although the quarterly timing is uneven, the realised same-period aggregate increase is within reasonable tolerance of the claim."
KO_20220425_017c811d,The Coca-Cola Company,KO,2022-04-25,Q1 2022,capital_allocation,John Murphy,we also announced the resumption of share repurchases with approximately $500 million in net share repurchases expected this year,Management expects approximately $500 million in net share repurchases this year.,this year,2022-12-31,verified,autochecker,"Net share repurchases over the post-call remainder of 2022 equal share repurchases less stock issuance: Q2-Q4 prstkc_q sum = 664 + 202 + 6 = $872M, and Q2-Q4 sstk_q sum = 203 + 55 + 130 = $388M. Realised net share repurchases = $872M - $388M = $484M, versus management's expectation of approximately $500M. The realised amount is about 3.2% below the claim, within a reasonable tolerance."
KO_20220425_1d46c442,The Coca-Cola Company,KO,2022-04-25,Q1 2022,numerical_guidance,John Murphy,We continue to expect organic revenue growth of approximately 7% to 8%,Management expects 2022 organic revenue growth of approximately 7% to 8%.,2022,2022-12-31,partially_verified,autochecker,"Using Compustat total revenue (revtq) as the available proxy for the organic revenue claim, post-call 2022 Q2-Q4 revenue totaled $32,513M versus $29,635M for the same quarters of 2021 from the base period. That is realized growth of about 9.7%. The claim was for approximately 7% to 8% growth, so the direction is correct and the result is fairly close, but it is above the guided range by more than a ~10% relative tolerance versus the midpoint."
KO_20220425_e2caf0c5,The Coca-Cola Company,KO,2022-04-25,Q1 2022,numerical_guidance,John Murphy,comparable currency-neutral earnings per share guidance of 8% to 10% growth versus 2021,Management expects 2022 comparable currency-neutral earnings per share growth of 8% to 10% versus 2021.,2022,2022-12-31,not_yet_resolvable,autochecker,"The post-call Compustat rows provide 2022 Q2-Q4 EPS: diluted EPS ex-items totals 0.4 + 0.6 + 0.5 = 1.5, and basic EPS ex-items also totals 1.5. However, the claim is for full-year 2022 EPS growth versus full-year 2021. To compute that realised percentage, the full-year 2021 EPS baseline is needed, including 2021 Q1, which is not present in the provided panel. Therefore the full-year growth rate in the claim's units cannot be resolved from the supplied Compustat rows."
KO_20220425_3c4996d2,The Coca-Cola Company,KO,2022-04-25,Q1 2022,numerical_guidance,John Murphy,we now expect an effective tax rate of 19.5% in 2022,Management expects an effective tax rate of 19.5% in 2022.,2022,2022-12-31,verified,autochecker,"For the post-call quarters within the 2022 horizon, effective tax rate = total tax expense / total pretax income = (384 + 622 + 444) / (2284 + 3444 + 2500) = 1450 / 8228 = 17.6%. Management claimed 19.5% for 2022. The realised post-call rate is about 1.9 percentage points lower, or roughly 9.6% below the claim on a relative basis, which is within the ~10% tolerance for magnitude claims."
KO_20220425_8d54dddf,The Coca-Cola Company,KO,2022-04-25,Q1 2022,numerical_guidance,John Murphy,we continue to expect comparable earnings per share growth of 5% to 6% versus 2021,Management expects comparable earnings per share growth of 5% to 6% versus 2021.,2022,2022-12-31,not_yet_resolvable,autochecker,"The claim is for full-year 2022 EPS growth of 5% to 6% versus full-year 2021. The post-call diluted EPS values available are Q2 2022 = 0.4, Q3 2022 = 0.6, and Q4 2022 = 0.5, summing to 1.5 for the post-call portion. However, to compute the stated full-year growth versus 2021, the panel would also need the full-year 2021 EPS baseline, including Q1 2021, which is not provided. Therefore the realised full-year percentage growth cannot be computed from the supplied panel."
KO_20220425_ba7ad080,The Coca-Cola Company,KO,2022-04-25,Q1 2022,numerical_guidance,John Murphy,we continue to expect to generate approximately $10.5 billion of free cash flow for 2022,Management expects to generate approximately $10.5 billion of free cash flow for 2022.,2022,2022-12-31,verified,autochecker,"Free cash flow is computed as operating cash flow minus capital expenditures. For full-year 2022, realised operating cash flow was 623 + 3923 + 3522 + 2950 = $11.018 billion, and realised capex was 217 + 270 + 289 + 708 = $1.484 billion. Realised free cash flow was therefore $9.534 billion. Management claimed approximately $10.5 billion, so actual FCF was $0.966 billion lower, about 9.2% below the claim. This is within the roughly 10% tolerance for an approximate magnitude claim."
KO_20220425_86c9c20a,The Coca-Cola Company,KO,2022-04-25,Q1 2022,numerical_guidance,John Murphy,approximately $12 billion in cash from operations,Management expects approximately $12 billion in cash from operations for 2022.,2022,2022-12-31,verified,autochecker,"Management guided to approximately $12.0 billion of cash from operations for full-year 2022. The post-call quarters generated $3.923B + $3.522B + $2.950B = $10.395B; including the already reported 2022 Q1 operating cash flow of $0.623B, full-year 2022 cash from operations was $11.018B. That is $0.982B, or about 8.2%, below the $12.0B claim, within the ~10% tolerance for an approximate magnitude."
KO_20220726_606fe90b,The Coca-Cola Company,KO,2022-07-26,Q2 2022,capital_allocation,John Murphy,approximately $1.5 billion in capital investments,Management expects approximately $1.5 billion in capital investments in 2022.,2022,2022-12-31,verified,autochecker,"Using quarterly capital expenditures as the proxy for capital investments, realised FY2022 capital investments were 217 + 270 + 289 + 708 = $1,484 million, or about $1.48 billion. This is very close to management's approximately $1.5 billion expectation, differing by only $16 million, about 1.1% below the claim."
KO_20220726_08ba60f5,The Coca-Cola Company,KO,2022-07-26,Q2 2022,numerical_guidance,John Murphy,We now expect organic revenue growth of 12% to 13%,Management expects organic revenue growth of 12% to 13% for full year 2022.,full year 2022,2022-12-31,contradicted,autochecker,"Using Compustat reported revenue (revtq, same values as saleq here) as the available proxy for organic revenue, the post-call quarters totaled $21,188M in Q3+Q4 2022 versus $19,506M in Q3+Q4 2021. That is realized growth of (21,188 / 19,506 - 1) = 8.6%. Management guided to 12%-13% organic revenue growth for FY2022. The available reported-revenue growth is positive, but it is materially below the guided range by about 3.4 to 4.4 percentage points, more than a 25% relative shortfall versus the guided magnitude. Compustat does not isolate organic revenue, so this comparison uses reported revenue as the proxy."
KO_20220726_1b50c14b,The Coca-Cola Company,KO,2022-07-26,Q2 2022,numerical_guidance,John Murphy,comparable currency-neutral earnings per share growth of 14% to 15% versus 2021,Management expects comparable currency-neutral earnings per share growth of 14% to 15% for full year 2022.,full year 2022,2022-12-31,not_yet_resolvable,autochecker,"The post-call Compustat panel provides diluted EPS for 2022 Q3 and Q4 of $0.60 and $0.50, respectively, for a post-call total of $1.10. However, the claim is for full-year 2022 comparable currency-neutral EPS growth versus full-year 2021. The panel does not provide comparable currency-neutral EPS, and it also lacks the full 2021 baseline needed to compute full-year growth. Therefore the realised 14%-15% comparable currency-neutral EPS growth cannot be computed from the supplied Compustat data."
KO_20220726_4603abbb,The Coca-Cola Company,KO,2022-07-26,Q2 2022,numerical_guidance,John Murphy,we continue to expect comparable earnings per share growth of 5% to 6% versus 2021,Management expects comparable earnings per share growth of 5% to 6% for full year 2022.,full year 2022,2022-12-31,not_yet_resolvable,autochecker,"The claim is for full-year 2022 comparable EPS growth of 5% to 6% versus full-year 2021. The post-call EPS values available are Q3 2022 = 0.6 and Q4 2022 = 0.5, and the panel also shows pre-call 2022 Q1 = 0.6 and Q2 = 0.4, implying reported diluted EPS for 2022 of 2.1. However, the table does not include 2021 Q1 and Q2 EPS, so full-year 2021 EPS cannot be calculated from the provided panel. Without the full-year 2021 baseline, the realised 2022 growth rate versus 2021 cannot be computed."
KO_20220726_4f4d252d,The Coca-Cola Company,KO,2022-07-26,Q2 2022,numerical_guidance,John Murphy,we continue to expect to generate approximately $10.5 billion of free cash flow for 2022,Management expects to generate approximately $10.5 billion of free cash flow in 2022.,2022,2022-12-31,verified,autochecker,"Free cash flow is operating cash flow less capital expenditures. In the post-call remainder of 2022, Q3 FCF was $3,522M - $289M = $3,233M and Q4 FCF was $2,950M - $708M = $2,242M. Including the already-reported 2022 Q1 and Q2 amounts from the panel ($623M - $217M = $406M; $3,923M - $270M = $3,653M), realised full-year 2022 FCF was $9,534M, or about $9.5B. The claim was approximately $10.5B, so actual FCF was about $1.0B lower, a 9.2% shortfall versus guidance, within the ~10% tolerance for an approximate magnitude claim."
KO_20220726_6e226333,The Coca-Cola Company,KO,2022-07-26,Q2 2022,numerical_guidance,John Murphy,approximately $12 billion in cash from operations,Management expects approximately $12 billion in cash from operations in 2022.,2022,2022-12-31,verified,autochecker,"The relevant post-call operating cash flow was $3.522B in Q3 2022 and $2.950B in Q4 2022. Adding these to the already-reported first-half 2022 operating cash flow from the base period ($0.623B in Q1 and $3.923B in Q2) gives full-year 2022 cash from operations of $11.018B. Management guided to approximately $12B, so the realised value was about 8.2% below the claim, within a reasonable ~10% tolerance for approximate guidance."
KO_20221025_6d66baa5,The Coca-Cola Company,KO,2022-10-25,Q3 2022,capital_allocation,John Murphy,less about $1.5 million in capital investments,Management expects about $1.5 million in capital investments in 2022.,2022,2022-12-31,verified,autochecker,"The post-call quarter needed to close fiscal 2022 shows Q4 capital expenditures of $708M. Adding this to the pre-call 2022 Q1-Q3 capex already reported in the panel ($217M + $270M + $289M = $776M) gives realised full-year 2022 capital investments of $1,484M, or about $1.5B. If the claim is interpreted literally as $1.5 million, the realised amount is far larger; but in Compustat units the realised full-year capex is about 1,484 million dollars, matching the apparent intended magnitude of about $1.5 billion."
KO_20221025_83021636,The Coca-Cola Company,KO,2022-10-25,Q3 2022,numerical_guidance,John Murphy,We now expect to deliver organic revenue growth of 14% to 15%,Management expects organic revenue growth of 14% to 15% for the full year.,the full year,2022-12-31,not_yet_resolvable,autochecker,"The post-call Compustat panel contains only Q4 2022 reported revenue/sales of $10,125M. To test management's full-year 2022 organic revenue growth guidance of 14%–15%, we would need an organic revenue measure and a full-year 2021 baseline. Compustat provides reported revenue/sales, not organic revenue, and the panel does not include all 2021 quarters needed to compute reported full-year growth either. Therefore the claim cannot be resolved from the provided Compustat data."
KO_20221025_2e4e12dc,The Coca-Cola Company,KO,2022-10-25,Q3 2022,numerical_guidance,John Murphy,comparable currency-neutral EPS growth of 15% to 16%,Management expects comparable currency-neutral EPS growth of 15% to 16% for the full year.,the full year,2022-12-31,not_yet_resolvable,autochecker,"The claim is for full-year comparable currency-neutral EPS growth of 15% to 16%. The post-call evidence contains only 2022 Q4 diluted EPS excluding extraordinary items of $0.50/share. To compute realised full-year EPS growth, we would need a full-year 2022 EPS total and the comparable full-year 2021 baseline; the panel does not include 2021 Q1-Q3 EPS, and Compustat epsfxq is not currency-neutral comparable EPS. Therefore the stated full-year growth rate cannot be resolved from the provided rows."
KO_20221025_c114c9e1,The Coca-Cola Company,KO,2022-10-25,Q3 2022,numerical_guidance,John Murphy,we expect comparable earnings per share growth of 6% to 7% versus 2021,Management expects comparable earnings per share growth of 6% to 7% for full year 2022 versus 2021.,full year 2022,2022-12-31,not_yet_resolvable,autochecker,"The post-call quarter needed to complete FY2022 diluted EPS is available: Q4 2022 epsfxq was $0.50. Combining it with the pre-call FY2022 quarters shown gives FY2022 epsfxq of $2.10 ($0.60 + $0.40 + $0.60 + $0.50). However, the claim is for full-year 2022 EPS growth versus full-year 2021, and the panel only provides Q4 2021 epsfxq ($0.60), not the Q1-Q3 2021 EPS needed to compute FY2021. Therefore the realised full-year growth rate versus 2021 cannot be calculated from the provided Compustat panel."
KO_20221025_fcaab53e,The Coca-Cola Company,KO,2022-10-25,Q3 2022,numerical_guidance,John Murphy,We continue to expect to generate approximately $10.5 billion of free cash flow for 2022,Management expects to generate approximately $10.5 billion of free cash flow in 2022.,2022,2022-12-31,verified,autochecker,"Free cash flow is computed as operating cash flow minus capital expenditures. The post-call Q4 2022 contribution was $2.950B - $0.708B = $2.242B. Adding the already-reported Q1-Q3 2022 amounts from the base period gives full-year 2022 FCF of (623 + 3923 + 3522 + 2950) - (217 + 270 + 289 + 708) = $9.534B. Management claimed approximately $10.5B. The realized value was about $0.966B lower, a 9.2% shortfall versus the claim, which is within the ~10% tolerance for an approximate magnitude."
KO_20221025_47f158bb,The Coca-Cola Company,KO,2022-10-25,Q3 2022,numerical_guidance,John Murphy,through approximately $12 billion in cash from operations,Management expects approximately $12 billion in cash from operations in 2022.,2022,2022-12-31,verified,autochecker,"The claim was for approximately $12.0B of 2022 cash from operations. Post-call Q4 operating cash flow was $2.950B. Adding the already-reported pre-call 2022 quarters shown in the panel (Q1 $0.623B + Q2 $3.923B + Q3 $3.522B) gives realised full-year 2022 operating cash flow of $11.018B. That is about $0.982B below the $12.0B claim, an 8.2% shortfall, within the ~10% tolerance for an approximate magnitude."
KO_20230214_f45d2d25,The Coca-Cola Company,KO,2023-02-14,Q4 2022,capital_allocation,John Murphy,less approximately $1.9 billion in capital investments,Management expects approximately $1.9 billion in capital investments in 2023.,2023,2023-12-31,verified,autochecker,"Management expected approximately $1.9 billion in 2023 capital investments. Realized 2023 capital expenditures were 276 + 339 + 386 + 851 = $1,852 million, or $1.852 billion. This is $48 million below the $1.9 billion claim, a difference of about 2.5%, within a reasonable tolerance for an approximate forecast."
KO_20230214_e848e3ba,The Coca-Cola Company,KO,2023-02-14,Q4 2022,capital_allocation,James Quincey,we're going to increase our CapEx to support the bits of the business where CapEx needs to flow.,Management says the company will increase CapEx in 2023 to support areas of the business that need it.,2023,2023-12-31,verified,autochecker,"Management claimed CapEx would increase in 2023. Realised post-call 2023 quarterly CapEx was $276M + $339M + $386M + $851M = $1,852M. The comparable 2022 full-year baseline was $217M + $270M + $289M + $708M = $1,484M. Thus 2023 CapEx increased by $368M, or about 24.8%, versus 2022. This matches the claimed direction of an increase."
KO_20230214_3caaac9b,The Coca-Cola Company,KO,2023-02-14,Q4 2022,numerical_guidance,John Murphy,We expect organic revenue growth of 7% to 8% primarily led by price/mix amidst the ongoing inflationary environment.,Management expects organic revenue growth of 7% to 8% in 2023.,2023,2023-12-31,verified,autochecker,"Using Compustat total revenue as the available proxy for organic revenue, FY2023 revenue was 10,980 + 11,972 + 11,953 + 10,849 = $45,754M. The FY2022 baseline from the pre-call quarters was 10,491 + 11,325 + 11,063 + 10,125 = $43,004M. Realised growth was (45,754 - 43,004) / 43,004 = 6.4%. This is slightly below the guided 7% to 8% organic revenue growth range, but within roughly 10% relative tolerance versus the 7% lower bound. Compustat does not separately identify organic revenue, so this is based on reported revenue."
KO_20230214_2ca0ddfb,The Coca-Cola Company,KO,2023-02-14,Q4 2022,numerical_guidance,John Murphy,we expect comparable currency-neutral earnings per share growth of 7% to 9% versus 2022.,Management expects comparable currency-neutral EPS growth of 7% to 9% in 2023 versus 2022.,2023,2023-12-31,contradicted,autochecker,"Using Compustat diluted EPS excluding extraordinary items (epsfxq) as the available EPS proxy, 2023 EPS summed to 0.7 + 0.6 + 0.7 + 0.5 = 2.5. The 2022 baseline EPS summed to 0.6 + 0.4 + 0.6 + 0.5 = 2.1. Realized growth was (2.5 / 2.1 - 1) = 19.0%, versus management's expected 7% to 9% growth. The direction was positive, but the magnitude was far above the guidance range and outside reasonable tolerance."
KO_20230214_c0af9f84,The Coca-Cola Company,KO,2023-02-14,Q4 2022,numerical_guidance,John Murphy,We continue to expect our underlying effective tax rate to be 19.5% for 2023.,Management expects the underlying effective tax rate to be 19.5% for 2023.,2023,2023-12-31,partially_verified,autochecker,"For 2023, Compustat tax expense sums to $2,249M and pretax income sums to $12,952M, giving a realised effective tax rate of 2,249 / 12,952 = 17.36%. Management claimed an underlying effective tax rate of 19.5% for 2023. The realised GAAP rate is directionally close but about 2.14 percentage points lower, or roughly 11.0% below the claimed magnitude, just outside the ~10% relative tolerance."
KO_20230214_d9136d50,The Coca-Cola Company,KO,2023-02-14,Q4 2022,numerical_guidance,John Murphy,we expect comparable earnings per share growth of 4% to 5% versus $2.48 in 2022.,Management expects comparable EPS growth of 4% to 5% versus $2.48 in 2022.,2023,2023-12-31,contradicted,autochecker,"Management guided to comparable EPS growth of 4% to 5% versus $2.48 in 2022, implying 2023 EPS of about $2.58 to $2.60. The post-call Compustat quarterly EPS sums to $2.50 for both diluted EPS excl. extraordinary items (epsfxq: 0.70 + 0.60 + 0.70 + 0.50) and basic EPS excl. extraordinary items (epspxq: same values). Versus the stated $2.48 base, the realised growth is only about 0.8%, well below the guided 4% to 5% range."
KO_20230214_5e5a62f4,The Coca-Cola Company,KO,2023-02-14,Q4 2022,numerical_guidance,John Murphy,We expect to generate approximately $9.5 billion of free cash flow in 2023,Management expects to generate approximately $9.5 billion of free cash flow in 2023.,2023,2023-12-31,verified,autochecker,"Free cash flow is calculated as operating cash flow minus capital expenditures. For 2023, operating cash flow summed to $11,599M and capex summed to $1,852M, giving realised free cash flow of $9,747M, or about $9.75B. Management claimed approximately $9.5B of free cash flow in 2023; the realised value was about $0.25B higher, a 2.6% difference, within a reasonable tolerance for an approximate guidance figure."
KO_20230214_7b375c8f,The Coca-Cola Company,KO,2023-02-14,Q4 2022,numerical_guidance,John Murphy,approximately $11.4 billion in cash from operations,Management expects approximately $11.4 billion in cash from operations in 2023.,2023,2023-12-31,verified,autochecker,"Management guided to approximately $11.4 billion in cash from operations for 2023. Summing the post-call quarterly operating cash flow values gives $11,599 million, or $11.599 billion (160 + 4,469 + 4,300 + 2,670). This is about $0.199 billion above the guidance, a relative difference of roughly 1.7%, which is well within a reasonable tolerance for an approximate guidance figure."
KO_20230424_e5803575,The Coca-Cola Company,KO,2023-04-24,Q1 2023,capital_allocation,John Murphy,less approximately $1.9 billion in capital investments,Management expects approximately $1.9 billion in capital investments in 2023.,2023,2023-12-31,verified,autochecker,"Management claimed approximately $1.9 billion of capital investments for 2023. Actual 2023 quarterly capital expenditures were $276M + $339M + $386M + $851M = $1,852M, or $1.852B. This is $48M below the claimed $1.9B, a relative difference of about 2.5%, well within a reasonable tolerance for an approximate guidance figure."
KO_20230424_e830e6e3,The Coca-Cola Company,KO,2023-04-24,Q1 2023,numerical_guidance,John Murphy,This guidance is comprised of organic revenue growth of 7% to 8%,Management expects 2023 organic revenue growth of 7% to 8%.,2023,2023-12-31,verified,autochecker,"Using Compustat total revenue (revtq) as the available proxy for the organic revenue claim, post-call 2023 Q2-Q4 revenue was $11,972M + $11,953M + $10,849M = $34,774M. The comparable 2022 Q2-Q4 revenue from the base period was $11,325M + $11,063M + $10,125M = $32,513M. Realized growth for the post-call portion of the 2023 horizon was therefore (34,774 / 32,513 - 1) = 6.95%, essentially at the lower end of management’s 7% to 8% guidance range. Note that Compustat revtq is total revenue, not company-defined organic revenue, but on the available revenue measure the claim is matched within tolerance."
KO_20230424_86b0cd45,The Coca-Cola Company,KO,2023-04-24,Q1 2023,numerical_guidance,John Murphy,comparable currency-neutral earnings per share growth of 7% to 9%,Management expects 2023 comparable currency-neutral earnings per share growth of 7% to 9%.,2023,2023-12-31,not_yet_resolvable,autochecker,"The claim is for full-year 2023 comparable currency-neutral EPS growth of 7% to 9%. The post-call Compustat diluted EPS values available for Q2-Q4 2023 sum to 1.8, and Q1 2023 in the base period is 0.7, implying available 2023 full-year epsfxq of 2.5. However, to compute the claimed full-year growth rate, the 2022 full-year baseline EPS is needed, and the panel only provides 2022 Q2-Q4 epsfxq, not 2022 Q1. Also, Compustat epsfxq is not explicitly 'comparable currency-neutral' EPS. Because the required prior-year full-year baseline row is missing, the 7%-9% growth claim cannot be resolved from this panel."
KO_20230424_fe5da62b,The Coca-Cola Company,KO,2023-04-24,Q1 2023,numerical_guidance,John Murphy,we continue to expect our underlying effective tax rate to be 19.5% for 2023.,Management expects the underlying effective tax rate to be 19.5% for 2023.,2023,2023-12-31,partially_verified,autochecker,"Using Compustat tax expense over pretax income for the post-call quarters through the 2023 horizon, realised tax expense was $1,309M and pretax income was $8,899M, giving an effective tax rate of 14.7%. Management claimed an underlying effective tax rate of 19.5% for 2023. The realised Compustat GAAP proxy is directionally a positive tax rate but is 4.8 percentage points lower, about 24.6% below the claimed magnitude, outside the ~10% tolerance."
KO_20230424_c3cd145d,The Coca-Cola Company,KO,2023-04-24,Q1 2023,numerical_guidance,John Murphy,we are reiterating comparable earnings per share growth of 4% to 5% versus $2.48 in 2022.,Management expects comparable earnings per share growth of 4% to 5% versus $2.48 in 2022.,2023,2023-12-31,contradicted,autochecker,"Management guided to comparable EPS growth of 4% to 5% versus $2.48, implying FY2023 EPS of about $2.58 to $2.60. The post-call Compustat diluted EPS values were 0.6, 0.7, and 0.5 for Q2-Q4 2023; adding the provided pre-call Q1 2023 epsfxq of 0.7 gives realised FY2023 epsfxq of about $2.50. That is growth of (2.50 / 2.48 - 1) = about 0.8%, well below the claimed 4% to 5% growth range."
KO_20230424_c17702a3,The Coca-Cola Company,KO,2023-04-24,Q1 2023,numerical_guidance,John Murphy,We expect to generate approximately $9.5 billion of free cash flow in 2023,Management expects to generate approximately $9.5 billion of free cash flow in 2023.,2023,2023-12-31,verified,autochecker,"Free cash flow is calculated as operating cash flow minus capital expenditures. In the post-call 2023 quarters, realised FCF was Q2: 4469 - 339 = $4.130B, Q3: 4300 - 386 = $3.914B, and Q4: 2670 - 851 = $1.819B, totaling $9.863B. The claim was approximately $9.5B of FCF in 2023. The realised post-call total is about $0.363B higher, or 3.8% above the claim, within a reasonable tolerance for 'approximately'."
KO_20230424_3d6fc3a6,The Coca-Cola Company,KO,2023-04-24,Q1 2023,numerical_guidance,John Murphy,approximately $11.4 billion in cash from operations,Management expects approximately $11.4 billion in cash from operations in 2023.,2023,2023-12-31,verified,autochecker,"Management guided to approximately $11.4 billion of 2023 cash from operations. The post-call quarters show operating cash flow of $4.469B in Q2, $4.300B in Q3, and $2.670B in Q4, totaling $11.439B for the remaining post-call portion of 2023. Including the already-ended Q1 2023 amount of $0.160B gives full-year 2023 operating cash flow of $11.599B. This is about $0.199B, or 1.7%, above the $11.4B claim, well within reasonable tolerance for “approximately.”"
KO_20230726_786dd9a7,The Coca-Cola Company,KO,2023-07-26,Q2 2023,capital_allocation,John Murphy,approximately $1.9 billion in capital investments,Management expects approximately $1.9 billion in capital investments in 2023.,2023,2023-12-31,verified,autochecker,"The claim was for approximately $1.9 billion of capital investments in full-year 2023. Compustat capx_q for the post-call quarters was $386M in Q3 and $851M in Q4, totaling $1.237B after the call. Adding the already-reported 2023 Q1 and Q2 capex from the pre-call base period ($276M + $339M) gives realised full-year 2023 capital expenditures of $1.852B. That is $48M below the claimed $1.9B, a difference of about 2.5%, which is within a reasonable tolerance for “approximately.”"
KO_20230726_fe359665,The Coca-Cola Company,KO,2023-07-26,Q2 2023,numerical_guidance,John Murphy,This is comprised of organic revenue growth of 8% to 9% which includes positive volume growth while continuing to be led by price/mix.,Management expects 2023 organic revenue growth of 8% to 9%.,2023,2023-12-31,verified,autochecker,"Using Compustat reported revenue/sales as the closest available proxy for organic revenue: post-call 2023 Q3 revenue was $11,953M versus $11,063M in 2022 Q3, a +8.0% YoY increase. 2023 Q4 revenue was $10,849M versus $10,125M in 2022 Q4, a +7.2% YoY increase. Combined post-call H2 revenue was $22,802M versus $21,188M in H2 2022, a realised increase of +7.6%. This is slightly below the stated 8%–9% organic revenue growth range, but close to the lower end and directionally consistent. Compustat does not provide organic revenue, so the comparison is to reported revenue."
KO_20230726_d5bfc5b2,The Coca-Cola Company,KO,2023-07-26,Q2 2023,numerical_guidance,John Murphy,We now expect comfortable currency-neutral earnings per share growth of 9% to 11%.,Management expects currency-neutral earnings per share growth of 9% to 11% for 2023.,2023,2023-12-31,verified,autochecker,"Using Compustat reported diluted EPS excluding extraordinary items as the EPS proxy, post-call EPS for the remaining 2023 quarters was 0.7 + 0.5 = 1.2. The comparable prior-year quarters in the base period were 0.6 + 0.5 = 1.1, so realised growth was (1.2 / 1.1 - 1) = 9.1%. That falls within management's stated 9% to 11% EPS growth range, noting Compustat does not separately identify currency-neutral EPS."
KO_20230726_17e8756f,The Coca-Cola Company,KO,2023-07-26,Q2 2023,numerical_guidance,John Murphy,Our updated underlying effective tax rate for 2023 is now 19.3%.,Management expects the underlying effective tax rate for 2023 to be 19.3%.,2023,2023-12-31,partially_verified,autochecker,"Using the post-call quarters within the 2023 horizon, the realized effective tax rate from Compustat GAAP fields was (454.0 + 496.0) / (3537.0 + 2482.0) = 950.0 / 6019.0 = 15.8%. Management guided to an underlying effective tax rate of 19.3%. The realized post-call rate is lower by about 3.5 percentage points, or roughly 18% relative to the guided rate, so it is directionally comparable but outside the ~10% magnitude tolerance."
KO_20230726_3c612e42,The Coca-Cola Company,KO,2023-07-26,Q2 2023,numerical_guidance,John Murphy,we are updating comparable earnings per share growth of 5% to 6% versus $2.48 in 2022.,Management expects comparable earnings per share growth of 5% to 6% versus $2.48 in 2022.,2023,2023-12-31,contradicted,autochecker,"The cited post-call diluted EPS values were $0.70 in Q3 2023 and $0.50 in Q4 2023. Including the already-reported pre-call 2023 quarters shown in the panel ($0.70 in Q1 and $0.60 in Q2), Compustat epsfxq sums to about $2.50 for FY2023. Versus the stated 2022 base of $2.48, that is growth of about 0.8%: (2.50 / 2.48 - 1). Management guided to 5% to 6% growth, implying roughly $2.60 to $2.63. The Compustat EPS realization is well below that range."
KO_20230726_4650efa3,The Coca-Cola Company,KO,2023-07-26,Q2 2023,numerical_guidance,John Murphy,We continue to expect to generate approximately $9.5 billion of free cash flow in 2023,Management expects to generate approximately $9.5 billion of free cash flow in 2023.,2023,2023-12-31,verified,autochecker,"Free cash flow is calculated as operating cash flow less capital expenditures. In the post-call quarters, Q3 FCF was $4.300B - $0.386B = $3.914B and Q4 FCF was $2.670B - $0.851B = $1.819B, for $5.733B after the call. Adding the already-reported H1 2023 FCF of $4.014B gives full-year 2023 FCF of $9.747B. Management claimed approximately $9.5B, so the realized value was about $0.247B higher, a 2.6% difference, within a reasonable tolerance."
KO_20230726_7318e26b,The Coca-Cola Company,KO,2023-07-26,Q2 2023,numerical_guidance,John Murphy,approximately $11.4 billion in cash from operations,Management expects approximately $11.4 billion in cash from operations in 2023.,2023,2023-12-31,verified,autochecker,"The post-call quarters contributed operating cash flow of $4.300B in Q3 2023 and $2.670B in Q4 2023, or $6.970B after the call. Adding the already reported first-half 2023 operating cash flow from the base period ($0.160B + $4.469B = $4.629B) gives realised full-year 2023 cash from operations of $11.599B. This is about $0.199B, or 1.7%, above management's approximately $11.4B guidance, within a reasonable tolerance."
KO_20231024_92901f9d,The Coca-Cola Company,KO,2023-10-24,Q3 2023,capital_allocation,John Murphy,That's approximately $1.9 billion in capital investments.,Management expects approximately $1.9 billion in capital investments in 2023.,2023,2023-12-31,verified,autochecker,"The post-call quarter within the horizon shows Q4 2023 capital expenditures of $851M. Adding this to the already-reported 2023 Q1-Q3 capital expenditures from before the call ($276M + $339M + $386M = $1,001M) gives realised full-year 2023 capital investments of $1,852M, or about $1.85B. This is close to management's approximately $1.9B claim, about 2.5% below the stated amount, within a reasonable tolerance for an approximate figure."
KO_20231024_4abaa6ab,The Coca-Cola Company,KO,2023-10-24,Q3 2023,numerical_guidance,John Murphy,"Our business performance year-to-date gives us confidence that we can deliver on our raised 2023 guidance. This is comprised of organic revenue growth of 10% to 11%, which will be led by price/mix and includes positive volume growth.",Management expects 2023 organic revenue growth of 10% to 11%.,2023,2023-12-31,not_yet_resolvable,autochecker,"The claim is for full-year 2023 organic revenue growth of 10% to 11%. The post-call panel provides only Q4 2023 total revenue (revtq) of $10,849M. To compute the claimed full-year growth using Compustat revenue, we would need full-year 2023 revenue and the comparable full-year 2022 revenue baseline; the panel does not include 2022 Q1-Q3, and Compustat revtq is total revenue rather than organic revenue. Therefore the stated 2023 organic revenue growth percentage cannot be resolved from the provided fundamentals panel."
KO_20231024_1d17504f,The Coca-Cola Company,KO,2023-10-24,Q3 2023,numerical_guidance,John Murphy,We now expect comparable currency-neutral earnings per share growth of 13% to 14%.,Management expects 2023 comparable currency-neutral earnings per share growth of 13% to 14%.,2023,2023-12-31,not_yet_resolvable,autochecker,"The claim is for full-year 2023 comparable currency-neutral EPS growth of 13%–14%. The post-call panel contains only 2023 Q4 diluted EPS excl. extraordinary items (epsfxq) of $0.50. To compute realised full-year EPS growth, we would need the full-year 2023 EPS total and the comparable full-year 2022 EPS baseline; the panel lacks 2022 Q1–Q3 EPS rows, so the realised annual growth rate cannot be computed from the provided Compustat data. Additionally, Compustat epsfxq is not the same as management’s non-GAAP comparable currency-neutral EPS, but even using epsfxq as the proxy the required prior-year full-year baseline is missing."
KO_20231024_7fbd6da2,The Coca-Cola Company,KO,2023-10-24,Q3 2023,numerical_guidance,John Murphy,"All in, we are updating comparable earnings per share growth of 7% to 8% versus $2.48 in 2022.",Management expects comparable earnings per share growth of 7% to 8% versus $2.48 in 2022.,2023,2023-12-31,contradicted,autochecker,"The relevant post-call quarter shows diluted EPS excluding extraordinary items of $0.50 for 2023 Q4. Using the quarterly epsfxq values provided for FY2023, realised full-year EPS was $2.50 ($0.70 + $0.60 + $0.70 + $0.50). Versus the stated 2022 base of $2.48, that is growth of about 0.8%, whereas management guided to 7% to 8% growth, implying roughly $2.65 to $2.68. The realised Compustat EPS growth is far below the claimed range."
KO_20231024_490095e7,The Coca-Cola Company,KO,2023-10-24,Q3 2023,numerical_guidance,John Murphy,We continue to expect to generate approximately $9.5 billion of free cash flow in 2023,Management expects to generate approximately $9.5 billion of free cash flow in 2023.,2023,2023-12-31,verified,autochecker,"Free cash flow is computed as operating cash flow minus capital expenditures. The post-call Q4 2023 contribution was $2,670M - $851M = $1,819M. Combining this with the pre-call 2023 quarters shown in the panel gives full-year 2023 FCF of (160-276) + (4469-339) + (4300-386) + (2670-851) = $9,747M, or about $9.75B. Management claimed approximately $9.5B, so the realised value was about $0.25B higher, a 2.6% difference, within reasonable tolerance."
KO_20231024_5afccf81,The Coca-Cola Company,KO,2023-10-24,Q3 2023,numerical_guidance,John Murphy,approximately $11.4 billion in cash from operations,Management expects approximately $11.4 billion in cash from operations in 2023.,2023,2023-12-31,verified,autochecker,"The post-call realised Q4 2023 operating cash flow was $2.670B. Adding this to the already reported 2023 Q1-Q3 operating cash flow amounts ($0.160B + $4.469B + $4.300B) gives full-year 2023 cash from operations of $11.599B. Management claimed approximately $11.4B, so the realised amount was higher by $0.199B, about 1.7%, within reasonable tolerance for 'approximately.'"
KO_20240213_ab4e0519,The Coca-Cola Company,KO,2024-02-13,Q4 2023,capital_allocation,John Murphy,less approximately $2.2 billion in capital investments,Management expects approximately $2.2 billion in capital investments in 2024.,in 2024,2024-12-31,verified,autochecker,"Management claimed approximately $2.2 billion in 2024 capital investments. Realised 2024 capx_q summed to $2,064 million ($370M + $422M + $469M + $803M), or $2.064 billion. This is $136 million below the claim, about 6.2% lower, which is within a reasonable ~10% tolerance for an approximate magnitude."
KO_20240213_14463736,The Coca-Cola Company,KO,2024-02-13,Q4 2023,capital_allocation,John Murphy,A significant portion of our expected capital investment increase is to build capacity for fairlife and for our India business,Management expects a significant portion of its capital investment increase to build capacity for fairlife and the India business.,2024,2024-12-31,partially_verified,autochecker,"Total post-call FY2024 capital expenditures were 370 + 422 + 469 + 803 = $2,064M. The comparable FY2023 baseline was 276 + 339 + 386 + 851 = $1,852M, so realised capital investment increased by $212M, or about 11.4% year over year. This supports the direction of an expected capital investment increase. However, Compustat capx_q only shows total capital expenditures and does not identify whether a significant portion was specifically for fairlife or India capacity, so the allocation part cannot be directly verified from these fundamentals."
KO_20240213_58d0bcf9,The Coca-Cola Company,KO,2024-02-13,Q4 2023,capital_allocation,John Murphy,We've taken up our CapEx for 2024 because it's the right thing to do to continue to build the growth foundations that we need in those parts of the business that need capacity.,Management has increased 2024 CapEx to build growth foundations in areas needing capacity.,2024,2024-12-31,verified,autochecker,"The claim was directional: management said 2024 CapEx had been increased. Realised 2024 quarterly CapEx was $370M, $422M, $469M, and $803M, totaling $2,064M. The 2023 baseline quarters totaled $1,852M, so 2024 CapEx increased by $212M, or about 11.4%. This matches the claimed direction of higher CapEx."
KO_20240213_aa128976,The Coca-Cola Company,KO,2024-02-13,Q4 2023,numerical_guidance,John Murphy,comparable currency-neutral earnings per share growth of 8% to 10%,Management expects 2024 comparable currency-neutral earnings per share growth of 8% to 10%.,2024,2024-12-31,contradicted,autochecker,"Using Compustat diluted EPS excluding extraordinary items (epsfxq), 2024 EPS sums to 0.7 + 0.6 + 0.7 + 0.5 = $2.50. The 2023 baseline EPS also sums to $2.50, so realised EPS growth was (2.50 / 2.50 - 1) = 0.0%. Management guided to 8% to 10% comparable currency-neutral EPS growth. The realised Compustat EPS growth is flat, well below the guided positive growth range."
KO_20240213_69653516,The Coca-Cola Company,KO,2024-02-13,Q4 2023,numerical_guidance,John Murphy,we expect comparable earnings per share growth of 4% to 5% versus $2.69 in 2023,Management expects 2024 comparable earnings per share growth of 4% to 5% versus $2.69 in 2023.,2024,2024-12-31,contradicted,autochecker,"Management guided to 2024 comparable EPS growth of 4% to 5% versus $2.69, implying about $2.80 to $2.82 for 2024. The post-call Compustat diluted EPS values sum to $2.50 for 2024 (0.70 + 0.60 + 0.70 + 0.50). Versus the stated $2.69 baseline, this is growth of (2.50 / 2.69 - 1) = -7.1%, not +4% to +5%. Even versus the Compustat 2023 quarterly EPS sum of $2.50, realised growth would be 0%. The realised EPS growth is therefore clearly below and directionally inconsistent with the guidance range in the available Compustat field."
KO_20240213_9bb07109,The Coca-Cola Company,KO,2024-02-13,Q4 2023,numerical_guidance,John Murphy,We expect to generate approximately $9.2 billion of free cash flow in 2024,Management expects to generate approximately $9.2 billion of free cash flow in 2024.,in 2024,2024-12-31,contradicted,autochecker,"Free cash flow is assessed as operating cash flow minus capital expenditures. For 2024, operating cash flow summed to $6,805M (528 + 3,585 - 1,259 + 3,951) and capex summed to $2,064M (370 + 422 + 469 + 803), giving realised free cash flow of $4,741M, or about $4.7B. Management's claim was approximately $9.2B. The realised amount was about 48% below the claim, well outside the tolerance and clearly short of the stated magnitude."
KO_20240213_50f088c0,The Coca-Cola Company,KO,2024-02-13,Q4 2023,numerical_guidance,John Murphy,through approximately $11.4 billion in cash from operations,Management expects approximately $11.4 billion in cash from operations in 2024.,in 2024,2024-12-31,contradicted,autochecker,"Management guided to approximately $11.4 billion of cash from operations in 2024. Summing the post-call quarterly operating cash flow values for fiscal 2024 gives $6,805 million: 528 + 3,585 - 1,259 + 3,951 = 6,805, or $6.805 billion. This is about 40% below the claimed $11.4 billion, well outside a reasonable tolerance and off by a clear margin."
KO_20240213_25a52405,The Coca-Cola Company,KO,2024-02-13,Q4 2023,numerical_guidance,James Quincey,the mid-single-digit U.S. dollar EPS call for 2024 includes the disposal of 2 points of EPS from the bottling system,Management says the 2024 U.S. dollar EPS outlook includes a 2-point EPS impact from bottler disposals.,2024,2024-12-31,contradicted,autochecker,"Using diluted EPS excluding extraordinary items, realised 2024 EPS was $0.70 + $0.60 + $0.70 + $0.50 = $2.50. The 2023 base-year EPS was also $2.50, so realised U.S. dollar EPS growth was 0.0%. A 'mid-single-digit' EPS outlook implies roughly +4% to +6% growth, even after the stated 2-point bottling-disposal impact. The realised aggregate EPS growth therefore did not match the claimed mid-single-digit EPS outcome. The Compustat EPS data also do not separately identify the bottler-disposal component, but the observable total EPS growth was clearly below guidance."
KO_20240213_16ddf560,The Coca-Cola Company,KO,2024-02-13,Q4 2023,numerical_guidance,James Quincey,"So kind of on an ongoing basis, that's already 6% to 7%.",Management says the ongoing-basis EPS growth outlook is 6% to 7%.,2024,2024-12-31,contradicted,autochecker,"Using diluted EPS excluding extraordinary items, realised FY2024 EPS was 0.7 + 0.6 + 0.7 + 0.5 = 2.5. The FY2023 baseline was also 0.7 + 0.6 + 0.7 + 0.5 = 2.5, so realised EPS growth was 0.0%. Management's outlook was 6% to 7% growth. The realised growth was not positive and is well below the guided range."
KO_20240430_d324d6d4,The Coca-Cola Company,KO,2024-04-30,Q1 2024,numerical_guidance,John Murphy,comparable currency-neutral earnings per share growth of 11% to 13%,Management expects 2024 comparable currency-neutral earnings per share growth of 11% to 13%.,2024,2024-12-31,not_yet_resolvable,autochecker,"The claim is for full-year 2024 comparable currency-neutral EPS growth of 11% to 13%. The post-call epsfxq values available for Q2-Q4 2024 sum to 1.8, and adding the pre-call Q1 2024 epsfxq of 0.7 gives FY2024 reported diluted EPS excluding extraordinary items of 2.5. However, the panel does not include 2023 Q1 epsfxq, so the full-year 2023 baseline needed to compute FY2024 growth is missing. The available Q2-Q4 comparison would be 1.8 in 2024 versus 1.8 in 2023, or 0% growth, but that is not the full-year growth horizon stated in the claim. Also, Compustat epsfxq is not currency-neutral comparable EPS."
KO_20240430_0805ba8a,The Coca-Cola Company,KO,2024-04-30,Q1 2024,numerical_guidance,John Murphy,"All in, we continue to expect comparable earnings per share growth of 4% to 5% versus $2.69 in 2023.",Management expects comparable earnings per share growth of 4% to 5% versus $2.69 in 2023.,2024,2024-12-31,contradicted,autochecker,"The guidance implied 2024 comparable EPS of about $2.80-$2.82, calculated as $2.69 × 1.04 to 1.05. Using the provided Compustat diluted EPS values, the post-call quarters Q2-Q4 total $1.80; including the already-reported Q1 2024 EPS of $0.70 from the pre-call/base section gives full-year 2024 EPS of about $2.50. That is a decline of roughly 7.1% versus $2.69, not growth of 4%-5%."
KO_20240723_7f5f393f,The Coca-Cola Company,KO,2024-07-23,Q2 2024,numerical_guidance,John Murphy,We now expect organic revenue growth of 9% to 10%,Management expects 2024 organic revenue growth of 9% to 10%.,2024,2024-12-31,contradicted,autochecker,"Using Compustat reported total revenue as the revenue proxy, post-call revenue for Q3–Q4 2024 was $23,398M ($11,854M + $11,544M). The comparable Q3–Q4 2023 base-period revenue was $22,802M ($11,953M + $10,849M), so realised reported revenue growth was about 2.6% = (23,398 / 22,802 - 1). Management claimed 2024 organic revenue growth of 9% to 10%. The realised Compustat revenue growth proxy is positive but far below the claimed magnitude, outside the reasonable tolerance and more than 25% below the guidance range."
KO_20240723_7ed21107,The Coca-Cola Company,KO,2024-07-23,Q2 2024,numerical_guidance,John Murphy,comparable currency-neutral earnings per share growth of 13% to 15%.,Management expects 2024 comparable currency-neutral EPS growth of 13% to 15%.,2024,2024-12-31,not_yet_resolvable,autochecker,"The claim is for full-year 2024 EPS growth of 13% to 15%. The post-call Compustat rows provide diluted EPS excluding extraordinary items of $0.70 in 2024 Q3 and $0.50 in 2024 Q4, for post-call H2 EPS of $1.20. The available same-quarter 2023 baseline in the pre-call panel is also $0.70 for Q3 and $0.50 for Q4, implying 0.0% H2 year-over-year growth on this Compustat EPS measure, not 13% to 15%. However, the actual claim is full-year 2024 growth, and the panel does not include 2023 Q1 and Q2 EPS needed to compute a full-year 2024 vs full-year 2023 realised growth rate. Therefore the full-year claim cannot be definitively resolved from the provided panel."
KO_20240723_ab9a7859,The Coca-Cola Company,KO,2024-07-23,Q2 2024,numerical_guidance,John Murphy,"All in, we now expect comparable earnings per share growth of 5% to 6% versus $2.69 in 2023.",Management expects comparable EPS growth of 5% to 6% in 2024 versus $2.69 in 2023.,2024,2024-12-31,contradicted,autochecker,"The post-call EPS values were $0.70 in Q3 2024 and $0.50 in Q4 2024. Adding these to the already-known pre-call 2024 Q1 and Q2 EPS of $0.70 and $0.60 gives realised FY2024 diluted EPS of $2.50. Versus the stated 2023 base of $2.69, this is growth of (2.50 / 2.69 - 1) = -7.1%, while management guided to +5% to +6% growth, equivalent to about $2.82 to $2.85 EPS. The realised Compustat EPS moved in the opposite direction from the claim."
KO_20241023_47cde64a,The Coca-Cola Company,KO,2024-10-23,Q3 2024,numerical_guidance,John Murphy,comparable currency-neutral earnings per share growth of 14% to 15%,Management expects 2024 comparable currency-neutral earnings per share growth of 14% to 15%.,2024,2024-12-31,not_yet_resolvable,autochecker,"The only post-call Compustat EPS evidence within the horizon is 2024 Q4 diluted EPS excluding extraordinary items of $0.50. To verify management's stated 2024 comparable currency-neutral EPS growth of 14% to 15%, we would need a full-year 2024 EPS measure and the comparable full-year 2023 baseline, ideally on the same comparable currency-neutral basis. The panel provides 2024 quarterly epsfxq values, but it does not provide 2023 Q1-Q3 EPS needed to compute full-year 2023 growth, and Compustat epsfxq is not currency-neutral comparable EPS. Therefore the realised growth rate cannot be computed from the supplied panel."
KO_20241023_5d7647dd,The Coca-Cola Company,KO,2024-10-23,Q3 2024,numerical_guidance,John Murphy,We continue to expect comparable earnings per share growth of 5% to 6% versus $2.69 in 2023.,Management expects comparable earnings per share growth of 5% to 6% versus $2.69 in 2023.,full year 2024,2024-12-31,contradicted,autochecker,"The claim implied full-year 2024 comparable EPS of $2.69 × (1.05 to 1.06) = about $2.82 to $2.85. Compustat diluted EPS excluding extraordinary items for the post-call Q4 was $0.50; adding the already-reported 2024 Q1-Q3 EPS from the base period ($0.70 + $0.60 + $0.70) gives realised FY2024 epsfxq of $2.50. That is about -7.1% versus $2.69, not +5% to +6%, and is roughly 12% below the midpoint of the guided range."
KO_20250211_5dc717ed,The Coca-Cola Company,KO,2025-02-11,Q4 2024,capital_allocation,John Murphy,approximately $2.2 billion in capital investments.,Management expects approximately $2.2 billion in capital investments in 2025.,2025,2025-12-31,verified,autochecker,"Management claimed approximately $2.2 billion in 2025 capital investments. Realized 2025 capital expenditures were $309M + $442M + $479M + $882M = $2,112M, or $2.112 billion. This is about 4.0% below the claimed $2.2 billion, within a reasonable tolerance for an approximate forecast."
KO_20250211_9a8041f4,The Coca-Cola Company,KO,2025-02-11,Q4 2024,numerical_guidance,John Murphy,We expect organic revenue growth of 5% to 6%,Management expects organic revenue growth of 5% to 6% in 2025.,2025,2025-12-31,contradicted,autochecker,"Using Compustat total revenue (revtq) as the available proxy, 2025 revenue was $47,941M (11,129 + 12,535 + 12,455 + 11,822). The 2024 base-period revenue was $47,061M, so realised 2025 revenue growth was about 1.9% YoY. Management claimed 5% to 6% organic revenue growth. The realised Compustat revenue growth is positive but far below the guided range, with a shortfall of more than 25% relative to the low end of guidance. Note that Compustat revtq is total revenue, not organic revenue, but on the available fundamentals the numerical claim is not met."
KO_20250211_329df00c,The Coca-Cola Company,KO,2025-02-11,Q4 2024,numerical_guidance,John Murphy,comparable currency-neutral earnings per share growth of 8% to 10%,Management expects comparable currency-neutral earnings per share growth of 8% to 10% in 2025.,2025,2025-12-31,contradicted,autochecker,"Using Compustat diluted EPS excl. extraordinary items (epsfxq), realised FY2025 EPS was 0.8 + 0.9 + 0.9 + 0.5 = 3.1 per share. The FY2024 baseline from the pre-call quarters was 0.7 + 0.6 + 0.7 + 0.5 = 2.5 per share. This implies realised EPS growth of (3.1 / 2.5 - 1) = 24.0%, versus management's stated 8% to 10% growth range. The realised Compustat EPS growth is well above the guided range by a clear margin."
KO_20250211_bdf2bf99,The Coca-Cola Company,KO,2025-02-11,Q4 2024,numerical_guidance,John Murphy,we expect comparable earnings per share growth of 2% to 3%,Management expects comparable earnings per share growth of 2% to 3% in 2025.,2025,2025-12-31,contradicted,autochecker,"Using diluted EPS (epsfxq), realised 2025 EPS was 0.8 + 0.9 + 0.9 + 0.5 = 3.1. The 2024 baseline EPS from the pre-call quarters was 0.7 + 0.6 + 0.7 + 0.5 = 2.5. Realised growth was (3.1 / 2.5 - 1) = 24.0%, versus management's expected 2% to 3% growth. This is far above the guided range and off by more than 25% relative to the claimed magnitude."
KO_20250211_ffab26ec,The Coca-Cola Company,KO,2025-02-11,Q4 2024,numerical_guidance,John Murphy,approximately $11.7 billion in cash from operations,Management expects approximately $11.7 billion in cash from operations in 2025.,2025,2025-12-31,contradicted,autochecker,"Management guided to approximately $11.7 billion of 2025 cash from operations. Summing the post-call 2025 quarterly operating cash flow values gives -$5,202M + $3,811M + $5,043M + $3,756M = $7,408M, or $7.408 billion. This is about $4.292 billion below the $11.7 billion claim, a shortfall of roughly 36.7% relative to guidance, which is well outside the reasonable tolerance and more than a clear 25% margin."
KO_20250429_d347202c,The Coca-Cola Company,KO,2025-04-29,Q1 2025,numerical_guidance,John Murphy,now expect comparable currency-neutral earnings per share growth of 7% to 9%,Management expects 2025 comparable currency-neutral earnings per share growth of 7% to 9%.,2025,2025-12-31,not_yet_resolvable,autochecker,"The post-call EPS values available for the remainder of 2025 are Q2-Q4 diluted EPS of 0.9, 0.9, and 0.5, totaling 2.3, and the same for basic EPS. Including the pre-call 2025 Q1 value shown in the panel would give full-year 2025 EPS of 3.1. However, the claim is for full-year 2025 EPS growth of 7% to 9% versus 2024, and the panel does not include 2024 Q1 EPS, so full-year 2024 EPS cannot be computed from the provided data. In addition, Compustat EPS is not specifically 'comparable currency-neutral' EPS. Therefore the realised growth rate cannot be resolved from the supplied panel."
KO_20250429_2f80afa0,The Coca-Cola Company,KO,2025-04-29,Q1 2025,numerical_guidance,John Murphy,we continue to expect 2025 comparable earnings per share growth of 2% to 3% versus $2.88 in 2024,Management expects 2025 comparable earnings per share growth of 2% to 3% versus $2.88 in 2024.,2025,2025-12-31,contradicted,autochecker,"Management guided to 2025 EPS of $2.94-$2.97, i.e. 2%-3% growth versus $2.88. The post-call EPSFXQ values for Q2-Q4 2025 sum to $2.30; including the already-reported Q1 2025 EPSFXQ of $0.80 from the pre-call base gives full-year 2025 EPSFXQ of $3.10. That is growth of about 7.6% versus $2.88, well above the guided 2%-3% range and outside a reasonable tolerance. Note this uses Compustat EPSFXQ as the available proxy for management’s “comparable EPS.”"
KO_20250722_2238faca,The Coca-Cola Company,KO,2025-07-22,Q2 2025,numerical_guidance,John Murphy,We continue to expect organic revenue growth of 5% to 6%,Management expects 2025 organic revenue growth of 5% to 6%.,2025,2025-12-31,partially_verified,autochecker,"Using Compustat total revenue as the available proxy for organic revenue, post-call Q3 2025 revenue was $12,455M versus $11,854M in Q3 2024, a +5.1% YoY increase. Q4 2025 revenue was $11,822M versus $11,544M in Q4 2024, a +2.4% YoY increase. Combined post-call H2 2025 revenue was $24,277M versus $23,398M in H2 2024, or +3.8%. Management guided to 5%-6% organic revenue growth, so realised reported revenue growth was directionally positive but below the guided range, about 1.2 percentage points below the low end."
KO_20250722_149bfcbe,The Coca-Cola Company,KO,2025-07-22,Q2 2025,numerical_guidance,John Murphy,now expect comparable currency-neutral earnings per share growth of approximately 8%,Management expects 2025 comparable currency-neutral earnings per share growth of approximately 8%.,2025,2025-12-31,not_yet_resolvable,autochecker,"The post-call horizon has closed and the relevant post-call diluted EPS values are present: Q3 2025 epsfxq = $0.90 and Q4 2025 epsfxq = $0.50. However, the claim is for full-year 2025 EPS growth of approximately 8%, which requires comparing full-year 2025 EPS to full-year 2024 EPS. The panel provides 2025 Q1-Q4, but the 2024 baseline only includes Q3 and Q4; 2024 Q1 and Q2 EPS are missing, so full-year 2024 EPS growth cannot be computed from the provided data. Also, Compustat epsfxq is not explicitly “comparable currency-neutral” EPS."
KO_20250722_8c03d5c0,The Coca-Cola Company,KO,2025-07-22,Q2 2025,numerical_guidance,John Murphy,Our underlying effective tax rate for 2025 is still expected to be 20.8%,Management expects the 2025 underlying effective tax rate to be 20.8%.,2025,2025-12-31,partially_verified,autochecker,"Using Compustat tax expense and pretax income for FY2025, the realised effective tax rate was (722 + 993 + 500 + 646) / (4057 + 4796 + 4183 + 2962) = 2861 / 15998 = 17.9%. The post-call quarters cited contributed Q3 tax/pretax of 500/4183 and Q4 of 646/2962. Management’s claim was 20.8%, so the realised Compustat ETR was about 2.9 percentage points lower, a roughly 14% relative shortfall versus the claimed rate. That is outside the ~10% magnitude tolerance, though not off by more than 25%."
KO_20250722_d7e71239,The Coca-Cola Company,KO,2025-07-22,Q2 2025,numerical_guidance,John Murphy,we now expect 2025 comparable earnings per share growth of approximately 3% versus $2.88 in 2024,Management expects 2025 comparable earnings per share growth of approximately 3% versus $2.88 in 2024.,2025,2025-12-31,contradicted,autochecker,"Using Compustat diluted EPS excluding extraordinary items (epsfxq), post-call EPS was 0.90 in Q3 2025 and 0.50 in Q4 2025. Including the already-reported pre-call 2025 quarters from the panel (Q1 0.80 and Q2 0.90), full-year 2025 epsfxq sums to 3.10. Versus the stated 2024 base of $2.88, realised growth was (3.10 / 2.88 - 1) = 7.6%. The claim was approximately 3% growth, so the realised growth was positive but far above the guided magnitude, off by about 4.6 percentage points and more than 25% relative to the claim."
KO_20251021_ad134056,The Coca-Cola Company,KO,2025-10-21,Q3 2025,numerical_guidance,John Murphy,We continue to expect organic revenue growth of 5% to 6%,Management expects 2025 organic revenue growth of 5% to 6%.,2025,2025-12-31,not_yet_resolvable,autochecker,"The post-call Compustat row shows Q4 2025 reported revenue/sales of $11,822M. However, the claim is for full-year 2025 organic revenue growth of 5% to 6%. Compustat provides reported revenue/sales, not organic revenue, and the panel does not include the 2024 Q1-Q3 revenue rows needed to compute full-year 2025 reported revenue growth versus full-year 2024. A Q4-only reported revenue comparison to the available 2024-12-31 baseline would be +2.4% (($11,822M - $11,544M) / $11,544M), but that is not the same as full-year organic revenue growth."
KO_20251021_67ece5d7,The Coca-Cola Company,KO,2025-10-21,Q3 2025,numerical_guidance,John Murphy,expect comparable currency-neutral earnings per share growth of approximately 8%,Management expects 2025 comparable currency-neutral earnings per share growth of approximately 8%.,2025,2025-12-31,not_yet_resolvable,autochecker,"The claim is for full-year 2025 comparable currency-neutral EPS growth of approximately 8%. The post-call panel contains only 2025 Q4 diluted EPS excluding extraordinary items of $0.50/share. To compute realised full-year EPS growth, we would need full-year 2025 EPS and the comparable full-year 2024 EPS baseline. The panel provides 2025 Q1-Q3 in the pre-call base and 2025 Q4 post-call, but it does not provide 2024 Q1-Q3, so the full-year 2024 denominator is missing. Therefore the realised 2025 EPS growth rate cannot be calculated from the provided Compustat rows."
KO_20251021_80939478,The Coca-Cola Company,KO,2025-10-21,Q3 2025,numerical_guidance,John Murphy,Our underlying effective tax rate for 2025 is now expected to be 20.7%.,Management expects the underlying effective tax rate for 2025 to be 20.7%.,2025,2025-12-31,partially_verified,autochecker,"Using Compustat tax expense divided by pretax income as the effective tax rate, Q4 2025 realised ETR was 646.0 / 2962.0 = 21.8%. For the full fiscal year 2025, including the pre-call Q1-Q3 actuals shown in the panel, realised ETR was (722.0 + 993.0 + 500.0 + 646.0) / (4057.0 + 4796.0 + 4183.0 + 2962.0) = 2861.0 / 15998.0 = 17.9%. This is below the claimed 20.7% by about 2.8 percentage points, or roughly 13.6% relative, which is outside the ~10% tolerance but not a clear >25% miss."
KO_20251021_5751d9bf,The Coca-Cola Company,KO,2025-10-21,Q3 2025,numerical_guidance,John Murphy,we continue to expect 2025 comparable earnings per share growth of approximately 3% versus $2.88 in 2024.,Management expects 2025 comparable earnings per share growth of approximately 3% versus $2.88 in 2024.,2025,2025-12-31,verified,autochecker,"The claim implies 2025 EPS of about $2.88 * 1.03 = $2.97. Using Compustat diluted EPS excluding extraordinary items, the post-call Q4 2025 EPS was $0.50; adding the already-reported 2025 Q1-Q3 EPS from the base period ($0.80 + $0.90 + $0.90) gives realised full-year 2025 EPS of $3.10. That is about 7.6% growth versus $2.88 and is 4.5% above the claimed approximately $2.97 level, within the ~10% tolerance for numerical guidance. Note this uses Compustat epsfxq, not the company’s non-GAAP “comparable” EPS measure."
KO_20260210_d75ab0ee,The Coca-Cola Company,KO,2026-02-10,Q4 2025,capital_allocation,John Murphy,approximately $2.2 billion in capital investments,Management expects approximately $2.2 billion in capital investments in 2026.,in 2026,2026-12-31,not_yet_resolvable,autochecker,"The claim is for approximately $2.2 billion of capital investments for full-year 2026. In the post-call panel, only 2026 Q1 capital expenditures are available: capx_q = $266 million. The claim horizon runs through 2026-12-31, so Q2–Q4 2026 capx_q are needed to compute the realised full-year total and compare it with the claimed $2.2 billion. With only Q1 reported, the horizon has not closed in the provided data."
KO_20260210_db4912de,The Coca-Cola Company,KO,2026-02-10,Q4 2025,numerical_guidance,John Murphy,We expect organic revenue growth of 4% to 5%,Management expects organic revenue growth of 4% to 5% in 2026.,2026,2026-12-31,not_yet_resolvable,autochecker,"The claim is for full-year 2026 organic revenue growth of 4% to 5%, ending 2026-12-31. The post-call panel currently contains only Q1 2026 revenue/sales of $12,472M. Versus Q1 2025 reported revenue/sales of $11,129M, reported Q1 growth was about 12.1%, but this is only one quarter and is reported revenue, not necessarily organic revenue. Q2–Q4 2026 are not yet available, so the full-year 2026 growth outcome cannot be determined."
KO_20260210_ef40e8fe,The Coca-Cola Company,KO,2026-02-10,Q4 2025,numerical_guidance,John Murphy,"We also expect growth in comparable currency-neutral earnings per share, excluding acquisitions and divestitures of 5% to 6%.",Management expects comparable currency-neutral EPS excluding acquisitions and divestitures to grow 5% to 6% in 2026.,2026,2026-12-31,not_yet_resolvable,autochecker,"The claim is for full-year 2026 EPS growth of 5% to 6%, but the post-call Compustat panel only contains 2026 Q1. Q1 EPS was 0.90 basic and 0.90 diluted versus 0.80/0.80 in Q1 2025, implying +12.5% for Q1 alone, but Q2–Q4 2026 are missing and the full-year horizon ending 2026-12-31 has not closed in the provided data. Therefore the full-year realised EPS growth cannot yet be computed from the panel."
KO_20260210_c1a11704,The Coca-Cola Company,KO,2026-02-10,Q4 2025,numerical_guidance,John Murphy,Divestitures are expected to be an approximate 4-point headwind to comparable net revenues,Management expects divestitures to be an approximate 4-point headwind to comparable net revenues in 2026.,2026,2026-12-31,not_yet_resolvable,autochecker,"The claim is full-year 2026 guidance: divestitures are expected to be an approximate 4 percentage-point headwind to comparable net revenues. The post-call Compustat panel currently contains only 2026 Q1, with total revenue/net sales of $12,472M. Even comparing Q1 to the prior-year Q1 base of $11,129M gives reported revenue growth of about +12.1%, but Compustat saleq/revtq do not isolate the divestiture impact or comparable net revenue adjustment. Because the claim horizon runs through 2026-12-31 and the full-year post-call rows are not yet available, the 4-point full-year headwind cannot be resolved from this panel."
KO_20260210_e0937fa3,The Coca-Cola Company,KO,2026-02-10,Q4 2025,numerical_guidance,John Murphy,an approximate 1 point headwind to comparable earnings per share,Management expects divestitures to be an approximate 1-point headwind to comparable EPS in 2026.,2026,2026-12-31,not_yet_resolvable,autochecker,"The claim is full-year 2026 guidance for an approximately 1 percentage-point headwind to comparable EPS from divestitures. The post-call Compustat panel currently contains only 2026 Q1 EPS: basic EPS 0.90 and diluted EPS 0.90. Because the 2026 horizon through 2026-12-31 has not closed and the remaining quarters are not present, the realised full-year EPS effect cannot be computed or compared with the claimed ~1-point headwind."
KO_20260210_36b9370f,The Coca-Cola Company,KO,2026-02-10,Q4 2025,numerical_guidance,John Murphy,we anticipate an approximate 1 point currency tailwind to comparable net revenues,Management anticipates an approximate 1-point currency tailwind to comparable net revenues for full year 2026.,full year 2026,2026-12-31,not_yet_resolvable,autochecker,"The claim is for a full-year 2026 approximate 1 percentage-point currency tailwind to comparable net revenues. The post-call Compustat panel contains only 2026 Q1 net revenue/sales of $12,472M; Q2–Q4 2026 rows needed to evaluate the full-year horizon are not present. In addition, the provided Compustat fields show reported revenue, not the currency/comparable-revenue bridge needed to isolate a 1-point FX tailwind. Therefore no realised full-year currency-tailwind percentage can be computed from the available post-call data."
KO_20260210_79f02c22,The Coca-Cola Company,KO,2026-02-10,Q4 2025,numerical_guidance,John Murphy,an approximate 3-point currency tailwind to comparable earnings per share for full year 2026,Management anticipates an approximate 3-point currency tailwind to comparable EPS for full year 2026.,full year 2026,2026-12-31,not_yet_resolvable,autochecker,"The claim concerns a full-year 2026 currency tailwind to comparable EPS, with the horizon ending 2026-12-31. The post-call Compustat panel currently contains only 2026 Q1 diluted EPS (epsfxq) of $0.90 and does not include the remaining 2026 quarters or any field isolating currency impact. Therefore the full-year 2026 outcome cannot yet be computed or compared with the claimed approximate 3-point EPS tailwind."
KO_20260210_853eea9e,The Coca-Cola Company,KO,2026-02-10,Q4 2025,numerical_guidance,John Murphy,we expect comparable earnings per share growth of 7% to 8% versus $3 in 2025.,Management expects comparable EPS growth of 7% to 8% in 2026 versus $3 in 2025.,2026,2026-12-31,not_yet_resolvable,autochecker,"The claim is for full-year 2026 comparable EPS growth of 7%–8% versus $3.00 in 2025, implying 2026 EPS of about $3.21–$3.24. The post-call Compustat panel only contains 2026 Q1 diluted EPS of $0.90; Q2–Q4 2026 are not yet present, so the full-year 2026 EPS sum cannot be computed against the guidance range."
KO_20260210_12e0dc75,The Coca-Cola Company,KO,2026-02-10,Q4 2025,numerical_guidance,John Murphy,We also expect to generate approximately $12.2 billion of free cash flow in 2026,Management expects to generate approximately $12.2 billion of free cash flow in 2026.,in 2026,2026-12-31,not_yet_resolvable,autochecker,"Free cash flow is approximated as operating cash flow minus capital expenditures. The only post-call 2026 quarter available is Q1: $2,021M - $266M = $1,755M, or $1.755B of free cash flow. The claim is for approximately $12.2B over full-year 2026, but Q2–Q4 2026 rows are not yet present, so the full-year realised value cannot be computed yet."
KO_20260210_03a43cdc,The Coca-Cola Company,KO,2026-02-10,Q4 2025,numerical_guidance,John Murphy,approximately $14.4 billion in cash from operations,Management expects approximately $14.4 billion in cash from operations in 2026.,in 2026,2026-12-31,not_yet_resolvable,autochecker,"The claim is for full-year 2026 cash from operations of approximately $14.4 billion. The post-call Compustat panel currently contains only 2026 Q1 operating cash flow: $2.021 billion. The remaining 2026 quarters through the 2026-12-31 horizon are not present, so the full-year realised operating cash flow cannot yet be computed or compared to the $14.4 billion guidance."
KO_20210721_99b129a3,The Coca-Cola Company,KO,,Q2 2021,,John Murphy,approximately 2% to 3% to comparable EPS in 2021,Management expects currency to provide an approximately 2% to 3% tailwind to comparable EPS in 2021.,in 2021,2021-12-31,partially_verified,agent,"The agent concludes the claim is partially verified because the 2021 Form 10-K shows foreign currency increased net operating revenues by 1% and income before income taxes by 2%. These confirm a positive currency tailwind, but only at 1–2% on major line items, not a clearly stated 2–3% impact on comparable EPS as originally guided. Since EPS-specific impact is not disclosed and one key metric falls below the guided range, the evidence directionally supports but does not fully match the claimed 2–3% EPS tailwind."
KO_20220210_2304fe07,The Coca-Cola Company,KO,,Q4 2021,,John Murphy,including the combined 5- to 6-point headwind from currency and tax.,Management expects a combined 5- to 6-point headwind from currency and tax.,2022,2022-12-31,partially_verified,agent,"The agent’s final answer states the claim is only directionally but not precisely supported: the 10-K quantifies a 6% headwind from foreign currency on income before income taxes and notes discrete tax items adding about 3 percentage points to the effective tax rate. However, the filings do not explicitly present a combined “5–6 percentage point headwind from currency and tax,” so the evidence partially but not fully matches the claimed combined impact."
KO_20220425_bd011086,The Coca-Cola Company,KO,,Q1 2022,,John Murphy,The direct impact of the Ukraine conflict and the resulting suspension of business in Russia is estimated to be approximately $0.04 to comparable EPS.,Management estimates the direct impact of the Ukraine conflict and suspension of business in Russia will be approximately $0.04 to comparable EPS.,2022,2022-12-31,not_yet_resolvable,agent,"The agent’s answer contains no explicit evidence excerpts (no bracketed citations with quoted text from filings). Because the instructions require preserving all evidence excerpts verbatim and forbid inventing any, and there are no such excerpts present to extract, the `items` list must be empty."
KO_20220726_50315beb,The Coca-Cola Company,KO,,Q2 2022,,John Murphy,we now expect that the direct impact of the Ukraine conflict and the resulting suspension of business in Russia will be approximately $0.03 to comparable EPS.,Management expects the direct impact of the Ukraine conflict and suspension of business in Russia to be approximately $0.03 to comparable EPS in 2022.,2022,2022-12-31,not_yet_resolvable,agent,"The claim is a specific numerical EPS impact (approximately $0.03 to 2022 comparable EPS) from the Ukraine conflict and suspension of business in Russia. The retrieved 2022 10-K and 10-Q filings discuss the suspension of operations in Russia, disruptions in Ukraine, and related asset impairments, but they do not quantify any EPS impact from these events, nor do they reconcile actual 2022 comparable EPS versus prior guidance with a $0.03 effect. Since no filing in the search results provides a quantified EPS impact attributable to the Ukraine conflict/Russia suspension, the realization of the $0.03 EPS guidance cannot be determined from the available evidence."
KO_20230424_dd036928,The Coca-Cola Company,KO,,Q1 2023,,John Murphy,an approximate 3- to 4-point currency headwind to comparable earnings per share for full year 2023,Management expects currency to be an approximate 3- to 4-point headwind to comparable earnings per share for full year 2023.,full year 2023,2023-12-31,not_yet_resolvable,agent,"The claim is specifically about an approximate 3–4 percentage point currency headwind to comparable earnings per share for full year 2023. The cited 2023 Form 10-K gives percentage FX impacts on net operating revenues, income before income taxes, and operating income, but does not quantify FX impact on comparable EPS or provide a reconciliation that isolates currency’s effect on that metric. Therefore, from the provided evidence, the realization of the claimed 3–4 point EPS headwind cannot be confirmed or disproven, so the claim is not yet resolvable from these filings alone."
KO_20231024_8adc98fa,The Coca-Cola Company,KO,,Q3 2023,,John Murphy,an approximate 6-point currency headwind to comparable earnings per share for full year 2023,Management expects currency to be an approximate 6-point headwind to comparable earnings per share for full year 2023.,full year 2023,2023-12-31,not_yet_resolvable,agent,"The agent explicitly concludes that the available filings do not quantify a “points” impact on comparable earnings per share and that no filing directly confirms or contradicts the specific “6-point EPS” metric. The only quantitative FX impacts found relate to net operating revenues and income before income taxes. Therefore, the proper extracted verdict is “not_yet_resolvable,” supported by the cited 10-K and 10-Q language, and there is insufficient evidence to verify, partially verify, or contradict the claim about a ~6-point FX headwind to comparable EPS for full year 2023."
KO_20250211_e5790e85,The Coca-Cola Company,KO,,Q4 2024,,John Murphy,A significant portion of our expected capital investment is to build capacity for fairlife and to continue to invest in our system in India and Africa.,Management expects a significant portion of capital investment to go toward fairlife capacity and system investments in India and Africa.,2025,2025-12-31,not_yet_resolvable,agent,"The agent's answer does not contain any verbatim excerpts from filings or other sources, only descriptive summaries. Per instructions, no evidence items should be created or inferred when no explicit excerpts are provided, so the `items` list is empty."
KO_20250429_4d6f1f6f,The Coca-Cola Company,KO,,Q1 2025,,James Quincey,the major capacity uplift will happen at the end of the year,Management says the major capacity uplift will happen at the end of the year.,the end of the year,2025-12-31,not_yet_resolvable,agent,"The agent’s answer does not contain any specific evidence excerpts (i.e., verbatim quotations from filings) and is instead a high-level summary. Per instructions, no evidence items should be created or inferred, so the `items` list is empty."
KO_20260210_693f747c,The Coca-Cola Company,KO,,Q4 2025,,John Murphy,"the remaining capital investment is primarily growth-oriented, which includes building capacity for our concentrate and finished goods businesses.","Management expects the remaining capital investment to be primarily growth-oriented, including building capacity for concentrate and finished goods businesses.",2026,2026-12-31,not_yet_resolvable,agent,"The agent’s answer did not contain any direct evidence excerpts (quoted text from filings). It only referenced filings generically without providing verbatim excerpts. Per instructions, no excerpts can be invented or reconstructed, so the `items` list must be empty."
KO_20260210_e4f7e660,The Coca-Cola Company,KO,,Q4 2025,,John Murphy,Approximately 25% of our expected 2026 capital investment relates to company-owned bottlers,Management expects approximately 25% of 2026 capital investment to relate to company-owned bottlers.,2026,2026-12-31,not_yet_resolvable,agent,"Available filings through 2026-04-29 (including the 2025 Form 10-K filed 2026-02-20) describe the company’s bottling operations, investments, and assets held for sale but do not quantify or discuss the planned 2026 capital investment mix, nor what percentage of 2026 capex is expected to relate to company-owned bottlers. Since the claim concerns the composition of full‑year 2026 capital investment, and no retrieved filing provides that breakdown or any 2026 capex realization data, there is no basis to verify, partially verify, or contradict the statement at this time."
KO_20260428_8c95817c,The Coca-Cola Company,KO,,Q1 2026,,John Murphy,We continue to expect an approximate 3-point currency tailwind to comparable earnings per share for full year 2026.,Management expects currency to be an approximate 3-point tailwind to comparable earnings per share for full year 2026.,full year 2026,2026-12-31,not_yet_resolvable,agent,"The claim concerns an expected ~3-point foreign-currency tailwind to full-year 2026 comparable EPS. Available filings only go through Q1 2026 and provide qualitative guidance that foreign exchange is expected to be favorable to full-year 2026 operating income, along with quantified FX benefits to Q1 segment operating income. However, they do not quantify the projected or actual full-year 2026 impact on comparable EPS in percentage points, nor do they provide any realized full-year 2026 EPS impact (the year is still in progress within the covered filings). Since there is no filing yet that confirms, updates, or contradicts the specific ""~3-point"" EPS tailwind for the full year, the outcome of this guidance cannot yet be resolved from the available evidence."
