claim_id,ticker,call_date,claim_type,verdict,source
AMZN_20200130_b9a05d76,AMZN,2020-01-30,capital_allocation,verified,autochecker
AMZN_20200730_050629b4,AMZN,2020-07-30,numerical_guidance,verified,autochecker
AMZN_20200730_3bc14b9c,AMZN,2020-07-30,numerical_guidance,partially_verified,autochecker
AMZN_20210429_bf855bd9,AMZN,2021-04-29,capital_allocation,verified,autochecker
AMZN_20210729_2877575e,AMZN,2021-07-29,numerical_guidance,verified,autochecker
AMZN_20210729_22c5dd71,AMZN,2021-07-29,capital_allocation,partially_verified,autochecker
AMZN_20211028_bb5246ea,AMZN,2021-10-28,numerical_guidance,contradicted,autochecker
AMZN_20220203_f93f6cb6,AMZN,2022-02-03,capital_allocation,verified,autochecker
AMZN_20220203_a9a33d7d,AMZN,2022-02-03,capital_allocation,verified,autochecker
AMZN_20220428_696578bf,AMZN,2022-04-28,capital_allocation,verified,autochecker
AMZN_20220428_ce93fdbf,AMZN,2022-04-28,capital_allocation,not_yet_resolvable,autochecker
AMZN_20220428_bff4a7f7,AMZN,2022-04-28,capital_allocation,verified,autochecker
AMZN_20220728_c0455787,AMZN,2022-07-28,capital_allocation,not_yet_resolvable,autochecker
AMZN_20220728_68512282,AMZN,2022-07-28,capital_allocation,contradicted,autochecker
AMZN_20220728_05d417a8,AMZN,2022-07-28,capital_allocation,verified,autochecker
AMZN_20220728_ba5fe6df,AMZN,2022-07-28,numerical_guidance,verified,autochecker
AMZN_20220728_43f16e49,AMZN,2022-07-28,numerical_guidance,contradicted,autochecker
AMZN_20221027_30e843f3,AMZN,2022-10-27,capital_allocation,verified,autochecker
AMZN_20221027_1837904e,AMZN,2022-10-27,capital_allocation,partially_verified,autochecker
AMZN_20221027_e39894b5,AMZN,2022-10-27,capital_allocation,contradicted,autochecker
AMZN_20230427_3a453594,AMZN,2023-04-27,capital_allocation,verified,autochecker
AMZN_20230803_ebb5d68e,AMZN,2023-08-03,capital_allocation,verified,autochecker
AMZN_20231026_e9883da4,AMZN,2023-10-26,capital_allocation,verified,autochecker
AMZN_20240201_0114a63e,AMZN,2024-02-01,capital_allocation,verified,autochecker
AMZN_20240201_04544367,AMZN,2024-02-01,capital_allocation,verified,autochecker
AMZN_20240201_ab15bc5e,AMZN,2024-02-01,capital_allocation,verified,autochecker
AMZN_20240430_7648b5e3,AMZN,2024-04-30,capital_allocation,verified,autochecker
AMZN_20240430_a439fd21,AMZN,2024-04-30,capital_allocation,verified,autochecker
AMZN_20240430_3436c183,AMZN,2024-04-30,numerical_guidance,verified,autochecker
AMZN_20240430_c5ceed06,AMZN,2024-04-30,numerical_guidance,verified,autochecker
AMZN_20240430_e7e375f8,AMZN,2024-04-30,numerical_guidance,verified,autochecker
AMZN_20240430_16050d4d,AMZN,2024-04-30,capital_allocation,verified,autochecker
AMZN_20240430_1663423a,AMZN,2024-04-30,capital_allocation,verified,autochecker
AMZN_20240430_2a855311,AMZN,2024-04-30,capital_allocation,contradicted,autochecker
AMZN_20240801_ba28088e,AMZN,2024-08-01,capital_allocation,verified,autochecker
AMZN_20241031_ed3213d5,AMZN,2024-10-31,capital_allocation,partially_verified,autochecker
AMZN_20241031_27c8c085,AMZN,2024-10-31,capital_allocation,partially_verified,autochecker
AMZN_20241031_6a5c3390,AMZN,2024-10-31,capital_allocation,verified,autochecker
AMZN_20250206_0825ff39,AMZN,2025-02-06,capital_allocation,partially_verified,autochecker
AMZN_20250206_897f17ae,AMZN,2025-02-06,capital_allocation,verified,autochecker
AMZN_20250206_32f01f9b,AMZN,2025-02-06,numerical_guidance,verified,autochecker
AMZN_20250206_2cd8a2dc,AMZN,2025-02-06,numerical_guidance,verified,autochecker
AMZN_20250206_354a0da0,AMZN,2025-02-06,capital_allocation,partially_verified,autochecker
AMZN_20250501_09e53429,AMZN,2025-05-01,numerical_guidance,verified,autochecker
AMZN_20250501_04dc73de,AMZN,2025-05-01,numerical_guidance,partially_verified,autochecker
AMZN_20250501_edac85f9,AMZN,2025-05-01,capital_allocation,verified,autochecker
AMZN_20250731_9087d1b4,AMZN,2025-07-31,capital_allocation,partially_verified,autochecker
AMZN_20250731_dcd40cd9,AMZN,2025-07-31,numerical_guidance,verified,autochecker
AMZN_20250731_12f71298,AMZN,2025-07-31,numerical_guidance,partially_verified,autochecker
AMZN_20251030_6d4dade3,AMZN,2025-10-30,capital_allocation,verified,autochecker
AMZN_20251030_627efede,AMZN,2025-10-30,capital_allocation,not_yet_resolvable,autochecker
AMZN_20260205_db0c5bdc,AMZN,2026-02-05,numerical_guidance,verified,autochecker
AMZN_20260205_0dca2c54,AMZN,2026-02-05,numerical_guidance,partially_verified,autochecker
KO_20200130_59d7b91c,KO,2020-01-30,numerical_guidance,contradicted,autochecker
KO_20200130_f2d00f6e,KO,2020-01-30,numerical_guidance,contradicted,autochecker
KO_20200130_86a4e5ec,KO,2020-01-30,numerical_guidance,contradicted,autochecker
KO_20200130_424ed141,KO,2020-01-30,numerical_guidance,verified,autochecker
KO_20200130_2edef74f,KO,2020-01-30,numerical_guidance,verified,autochecker
KO_20200130_44410b62,KO,2020-01-30,capital_allocation,contradicted,autochecker
KO_20200421_0d9d72e0,KO,2020-04-21,numerical_guidance,contradicted,autochecker
KO_20210210_90c22528,KO,2021-02-10,numerical_guidance,verified,autochecker
KO_20210210_5500e80a,KO,2021-02-10,capital_allocation,verified,autochecker
KO_20210721_e40df893,KO,2021-07-21,numerical_guidance,verified,autochecker
KO_20210721_870d4328,KO,2021-07-21,numerical_guidance,not_yet_resolvable,autochecker
KO_20210721_4d916665,KO,2021-07-21,numerical_guidance,verified,autochecker
KO_20211027_ffc1deb3,KO,2021-10-27,numerical_guidance,not_yet_resolvable,autochecker
KO_20211027_0e7fd0cc,KO,2021-10-27,numerical_guidance,verified,autochecker
KO_20211027_5491d8d4,KO,2021-10-27,numerical_guidance,verified,autochecker
KO_20220210_ae9821f8,KO,2022-02-10,numerical_guidance,partially_verified,autochecker
KO_20220210_a9fd176c,KO,2022-02-10,numerical_guidance,contradicted,autochecker
KO_20220210_2a9aa87e,KO,2022-02-10,numerical_guidance,contradicted,autochecker
KO_20220210_11091dd0,KO,2022-02-10,numerical_guidance,contradicted,autochecker
KO_20220210_1a0724fd,KO,2022-02-10,numerical_guidance,verified,autochecker
KO_20220210_7af0fc9d,KO,2022-02-10,numerical_guidance,verified,autochecker
KO_20220210_2ef73ff7,KO,2022-02-10,capital_allocation,verified,autochecker
KO_20220425_1d46c442,KO,2022-04-25,numerical_guidance,partially_verified,autochecker
KO_20220425_e2caf0c5,KO,2022-04-25,numerical_guidance,not_yet_resolvable,autochecker
KO_20220425_3c4996d2,KO,2022-04-25,numerical_guidance,verified,autochecker
KO_20220425_8d54dddf,KO,2022-04-25,numerical_guidance,not_yet_resolvable,autochecker
KO_20220425_ba7ad080,KO,2022-04-25,numerical_guidance,verified,autochecker
KO_20220425_86c9c20a,KO,2022-04-25,numerical_guidance,verified,autochecker
KO_20220425_531fd1c4,KO,2022-04-25,capital_allocation,verified,autochecker
KO_20220425_6a08764e,KO,2022-04-25,capital_allocation,verified,autochecker
KO_20220425_017c811d,KO,2022-04-25,capital_allocation,verified,autochecker
KO_20220726_08ba60f5,KO,2022-07-26,numerical_guidance,contradicted,autochecker
KO_20220726_1b50c14b,KO,2022-07-26,numerical_guidance,not_yet_resolvable,autochecker
KO_20220726_4603abbb,KO,2022-07-26,numerical_guidance,not_yet_resolvable,autochecker
KO_20220726_4f4d252d,KO,2022-07-26,numerical_guidance,verified,autochecker
KO_20220726_6e226333,KO,2022-07-26,numerical_guidance,verified,autochecker
KO_20220726_606fe90b,KO,2022-07-26,capital_allocation,verified,autochecker
KO_20221025_83021636,KO,2022-10-25,numerical_guidance,not_yet_resolvable,autochecker
KO_20221025_2e4e12dc,KO,2022-10-25,numerical_guidance,not_yet_resolvable,autochecker
KO_20221025_c114c9e1,KO,2022-10-25,numerical_guidance,not_yet_resolvable,autochecker
KO_20221025_fcaab53e,KO,2022-10-25,numerical_guidance,verified,autochecker
KO_20221025_47f158bb,KO,2022-10-25,numerical_guidance,verified,autochecker
KO_20221025_6d66baa5,KO,2022-10-25,capital_allocation,verified,autochecker
KO_20230214_3caaac9b,KO,2023-02-14,numerical_guidance,verified,autochecker
KO_20230214_2ca0ddfb,KO,2023-02-14,numerical_guidance,contradicted,autochecker
KO_20230214_c0af9f84,KO,2023-02-14,numerical_guidance,partially_verified,autochecker
KO_20230214_d9136d50,KO,2023-02-14,numerical_guidance,contradicted,autochecker
KO_20230214_5e5a62f4,KO,2023-02-14,numerical_guidance,verified,autochecker
KO_20230214_7b375c8f,KO,2023-02-14,numerical_guidance,verified,autochecker
KO_20230214_f45d2d25,KO,2023-02-14,capital_allocation,verified,autochecker
KO_20230214_e848e3ba,KO,2023-02-14,capital_allocation,verified,autochecker
KO_20230424_e830e6e3,KO,2023-04-24,numerical_guidance,verified,autochecker
KO_20230424_86b0cd45,KO,2023-04-24,numerical_guidance,not_yet_resolvable,autochecker
KO_20230424_fe5da62b,KO,2023-04-24,numerical_guidance,partially_verified,autochecker
KO_20230424_c3cd145d,KO,2023-04-24,numerical_guidance,contradicted,autochecker
KO_20230424_c17702a3,KO,2023-04-24,numerical_guidance,verified,autochecker
KO_20230424_3d6fc3a6,KO,2023-04-24,numerical_guidance,verified,autochecker
KO_20230424_e5803575,KO,2023-04-24,capital_allocation,verified,autochecker
KO_20230726_fe359665,KO,2023-07-26,numerical_guidance,verified,autochecker
KO_20230726_d5bfc5b2,KO,2023-07-26,numerical_guidance,verified,autochecker
KO_20230726_17e8756f,KO,2023-07-26,numerical_guidance,partially_verified,autochecker
KO_20230726_3c612e42,KO,2023-07-26,numerical_guidance,contradicted,autochecker
KO_20230726_4650efa3,KO,2023-07-26,numerical_guidance,verified,autochecker
KO_20230726_7318e26b,KO,2023-07-26,numerical_guidance,verified,autochecker
KO_20230726_786dd9a7,KO,2023-07-26,capital_allocation,verified,autochecker
KO_20231024_4abaa6ab,KO,2023-10-24,numerical_guidance,not_yet_resolvable,autochecker
KO_20231024_1d17504f,KO,2023-10-24,numerical_guidance,not_yet_resolvable,autochecker
KO_20231024_7fbd6da2,KO,2023-10-24,numerical_guidance,contradicted,autochecker
KO_20231024_490095e7,KO,2023-10-24,numerical_guidance,verified,autochecker
KO_20231024_5afccf81,KO,2023-10-24,numerical_guidance,verified,autochecker
KO_20231024_92901f9d,KO,2023-10-24,capital_allocation,verified,autochecker
KO_20240213_aa128976,KO,2024-02-13,numerical_guidance,contradicted,autochecker
KO_20240213_69653516,KO,2024-02-13,numerical_guidance,contradicted,autochecker
KO_20240213_9bb07109,KO,2024-02-13,numerical_guidance,contradicted,autochecker
KO_20240213_50f088c0,KO,2024-02-13,numerical_guidance,contradicted,autochecker
KO_20240213_ab4e0519,KO,2024-02-13,capital_allocation,verified,autochecker
KO_20240213_14463736,KO,2024-02-13,capital_allocation,partially_verified,autochecker
KO_20240213_25a52405,KO,2024-02-13,numerical_guidance,contradicted,autochecker
KO_20240213_16ddf560,KO,2024-02-13,numerical_guidance,contradicted,autochecker
KO_20240213_58d0bcf9,KO,2024-02-13,capital_allocation,verified,autochecker
KO_20240430_d324d6d4,KO,2024-04-30,numerical_guidance,not_yet_resolvable,autochecker
KO_20240430_0805ba8a,KO,2024-04-30,numerical_guidance,contradicted,autochecker
KO_20240723_7f5f393f,KO,2024-07-23,numerical_guidance,contradicted,autochecker
KO_20240723_7ed21107,KO,2024-07-23,numerical_guidance,not_yet_resolvable,autochecker
KO_20240723_ab9a7859,KO,2024-07-23,numerical_guidance,contradicted,autochecker
KO_20241023_47cde64a,KO,2024-10-23,numerical_guidance,not_yet_resolvable,autochecker
KO_20241023_5d7647dd,KO,2024-10-23,numerical_guidance,contradicted,autochecker
KO_20250211_9a8041f4,KO,2025-02-11,numerical_guidance,contradicted,autochecker
KO_20250211_329df00c,KO,2025-02-11,numerical_guidance,contradicted,autochecker
KO_20250211_bdf2bf99,KO,2025-02-11,numerical_guidance,contradicted,autochecker
KO_20250211_ffab26ec,KO,2025-02-11,numerical_guidance,contradicted,autochecker
KO_20250211_5dc717ed,KO,2025-02-11,capital_allocation,verified,autochecker
KO_20250429_d347202c,KO,2025-04-29,numerical_guidance,not_yet_resolvable,autochecker
KO_20250429_2f80afa0,KO,2025-04-29,numerical_guidance,contradicted,autochecker
KO_20250722_2238faca,KO,2025-07-22,numerical_guidance,partially_verified,autochecker
KO_20250722_149bfcbe,KO,2025-07-22,numerical_guidance,not_yet_resolvable,autochecker
KO_20250722_8c03d5c0,KO,2025-07-22,numerical_guidance,partially_verified,autochecker
KO_20250722_d7e71239,KO,2025-07-22,numerical_guidance,contradicted,autochecker
KO_20251021_ad134056,KO,2025-10-21,numerical_guidance,not_yet_resolvable,autochecker
KO_20251021_67ece5d7,KO,2025-10-21,numerical_guidance,not_yet_resolvable,autochecker
KO_20251021_80939478,KO,2025-10-21,numerical_guidance,partially_verified,autochecker
KO_20251021_5751d9bf,KO,2025-10-21,numerical_guidance,verified,autochecker
KO_20260210_db4912de,KO,2026-02-10,numerical_guidance,not_yet_resolvable,autochecker
KO_20260210_ef40e8fe,KO,2026-02-10,numerical_guidance,not_yet_resolvable,autochecker
KO_20260210_c1a11704,KO,2026-02-10,numerical_guidance,not_yet_resolvable,autochecker
KO_20260210_e0937fa3,KO,2026-02-10,numerical_guidance,not_yet_resolvable,autochecker
KO_20260210_36b9370f,KO,2026-02-10,numerical_guidance,not_yet_resolvable,autochecker
KO_20260210_79f02c22,KO,2026-02-10,numerical_guidance,not_yet_resolvable,autochecker
KO_20260210_853eea9e,KO,2026-02-10,numerical_guidance,not_yet_resolvable,autochecker
KO_20260210_12e0dc75,KO,2026-02-10,numerical_guidance,not_yet_resolvable,autochecker
KO_20260210_03a43cdc,KO,2026-02-10,numerical_guidance,not_yet_resolvable,autochecker
KO_20260210_d75ab0ee,KO,2026-02-10,capital_allocation,not_yet_resolvable,autochecker
LLY_20200130_a2c3b6c4,LLY,2020-01-30,numerical_guidance,verified,autochecker
LLY_20200130_66d5c1e8,LLY,2020-01-30,capital_allocation,partially_verified,autochecker
LLY_20200130_218c3185,LLY,2020-01-30,numerical_guidance,verified,autochecker
LLY_20200130_4b4e827a,LLY,2020-01-30,numerical_guidance,verified,autochecker
LLY_20200423_a69c6d8a,LLY,2020-04-23,numerical_guidance,partially_verified,autochecker
LLY_20200423_1b4c3386,LLY,2020-04-23,numerical_guidance,verified,autochecker
LLY_20200423_15561ea2,LLY,2020-04-23,numerical_guidance,verified,autochecker
LLY_20200423_7a6f669d,LLY,2020-04-23,numerical_guidance,verified,autochecker
LLY_20200423_9d102d15,LLY,2020-04-23,numerical_guidance,verified,autochecker
LLY_20200730_c528d2de,LLY,2020-07-30,numerical_guidance,verified,autochecker
LLY_20200730_b8493f3e,LLY,2020-07-30,numerical_guidance,verified,autochecker
LLY_20200730_a40b0ea2,LLY,2020-07-30,numerical_guidance,verified,autochecker
LLY_20200730_37137fd8,LLY,2020-07-30,numerical_guidance,verified,autochecker
LLY_20200730_320785a7,LLY,2020-07-30,numerical_guidance,verified,autochecker
LLY_20200730_3e77b1ca,LLY,2020-07-30,numerical_guidance,verified,autochecker
LLY_20200730_52021dc1,LLY,2020-07-30,numerical_guidance,verified,autochecker
LLY_20200730_e83ed3bb,LLY,2020-07-30,numerical_guidance,contradicted,autochecker
LLY_20200730_c4ebe0b0,LLY,2020-07-30,numerical_guidance,verified,autochecker
LLY_20201027_e1201bcd,LLY,2020-10-27,numerical_guidance,partially_verified,autochecker
LLY_20201027_e867ebb0,LLY,2020-10-27,numerical_guidance,contradicted,autochecker
LLY_20201027_729fb2ac,LLY,2020-10-27,numerical_guidance,partially_verified,autochecker
LLY_20201027_d0462993,LLY,2020-10-27,numerical_guidance,verified,autochecker
LLY_20201027_17ff770a,LLY,2020-10-27,numerical_guidance,verified,autochecker
LLY_20201027_17178d2b,LLY,2020-10-27,numerical_guidance,verified,autochecker
LLY_20201027_041e2efd,LLY,2020-10-27,numerical_guidance,verified,autochecker
LLY_20201027_9b66db89,LLY,2020-10-27,numerical_guidance,verified,autochecker
LLY_20210129_a00f21ec,LLY,2021-01-29,numerical_guidance,partially_verified,autochecker
LLY_20210427_3ef54fc9,LLY,2021-04-27,numerical_guidance,verified,autochecker
LLY_20210427_59e2bf46,LLY,2021-04-27,numerical_guidance,partially_verified,autochecker
LLY_20210427_c147335c,LLY,2021-04-27,numerical_guidance,contradicted,autochecker
LLY_20210427_cd0a9faa,LLY,2021-04-27,numerical_guidance,verified,autochecker
LLY_20210427_d42ea1c8,LLY,2021-04-27,numerical_guidance,partially_verified,autochecker
LLY_20210427_8bd712be,LLY,2021-04-27,numerical_guidance,partially_verified,autochecker
LLY_20210427_e264855a,LLY,2021-04-27,numerical_guidance,partially_verified,autochecker
LLY_20210803_2a75d9fc,LLY,2021-08-03,numerical_guidance,verified,autochecker
LLY_20210803_65f7e5d2,LLY,2021-08-03,numerical_guidance,verified,autochecker
LLY_20210803_74a8b954,LLY,2021-08-03,numerical_guidance,verified,autochecker
LLY_20210803_239468b7,LLY,2021-08-03,numerical_guidance,partially_verified,autochecker
LLY_20210803_46771655,LLY,2021-08-03,numerical_guidance,partially_verified,autochecker
LLY_20210803_5101f368,LLY,2021-08-03,numerical_guidance,verified,autochecker
LLY_20211026_c2e1531c,LLY,2021-10-26,numerical_guidance,verified,autochecker
LLY_20211026_b4c0d493,LLY,2021-10-26,numerical_guidance,verified,autochecker
LLY_20211026_37a4fa90,LLY,2021-10-26,numerical_guidance,partially_verified,autochecker
LLY_20211026_c2a34d8e,LLY,2021-10-26,numerical_guidance,verified,autochecker
LLY_20220428_f847ab73,LLY,2022-04-28,numerical_guidance,verified,autochecker
LLY_20220428_be7ff868,LLY,2022-04-28,numerical_guidance,verified,autochecker
LLY_20220428_0ddbbd68,LLY,2022-04-28,numerical_guidance,partially_verified,autochecker
LLY_20220428_23aa5933,LLY,2022-04-28,numerical_guidance,partially_verified,autochecker
LLY_20220428_62aaf159,LLY,2022-04-28,numerical_guidance,partially_verified,autochecker
LLY_20220428_f212630b,LLY,2022-04-28,numerical_guidance,verified,autochecker
LLY_20220804_6b028db7,LLY,2022-08-04,numerical_guidance,partially_verified,autochecker
LLY_20220804_fd467ea7,LLY,2022-08-04,numerical_guidance,contradicted,autochecker
LLY_20220804_15ccd58f,LLY,2022-08-04,numerical_guidance,verified,autochecker
LLY_20221101_4ce228a0,LLY,2022-11-01,numerical_guidance,verified,autochecker
LLY_20221101_0ddfeb84,LLY,2022-11-01,numerical_guidance,partially_verified,autochecker
LLY_20221101_a5b4a0ed,LLY,2022-11-01,numerical_guidance,verified,autochecker
LLY_20230202_80764477,LLY,2023-02-02,numerical_guidance,contradicted,autochecker
LLY_20230202_f9738587,LLY,2023-02-02,numerical_guidance,contradicted,autochecker
LLY_20230202_ec623e31,LLY,2023-02-02,capital_allocation,verified,autochecker
LLY_20230202_3e0d9d72,LLY,2023-02-02,capital_allocation,verified,autochecker
LLY_20230427_0d5a13ec,LLY,2023-04-27,numerical_guidance,verified,autochecker
LLY_20230427_a791161d,LLY,2023-04-27,numerical_guidance,contradicted,autochecker
LLY_20230427_ad45ec2d,LLY,2023-04-27,numerical_guidance,contradicted,autochecker
LLY_20230427_0bf7c756,LLY,2023-04-27,numerical_guidance,contradicted,autochecker
LLY_20230808_6206fbb2,LLY,2023-08-08,numerical_guidance,verified,autochecker
LLY_20230808_c8f33ac0,LLY,2023-08-08,numerical_guidance,verified,autochecker
LLY_20230808_ecfa8f4d,LLY,2023-08-08,numerical_guidance,contradicted,autochecker
LLY_20230808_25dcc995,LLY,2023-08-08,numerical_guidance,contradicted,autochecker
LLY_20240206_9626e1b8,LLY,2024-02-06,numerical_guidance,verified,autochecker
LLY_20240206_05956010,LLY,2024-02-06,numerical_guidance,verified,autochecker
LLY_20240206_b30f4b2f,LLY,2024-02-06,numerical_guidance,contradicted,autochecker
LLY_20240206_25ab912e,LLY,2024-02-06,numerical_guidance,partially_verified,autochecker
LLY_20240206_48922356,LLY,2024-02-06,numerical_guidance,verified,autochecker
LLY_20240206_6df5dcb8,LLY,2024-02-06,numerical_guidance,partially_verified,autochecker
LLY_20240206_5d76cb28,LLY,2024-02-06,numerical_guidance,partially_verified,autochecker
LLY_20240206_b372d3da,LLY,2024-02-06,numerical_guidance,verified,autochecker
LLY_20240430_a0a888f2,LLY,2024-04-30,numerical_guidance,verified,autochecker
LLY_20240430_8e178007,LLY,2024-04-30,numerical_guidance,contradicted,autochecker
LLY_20240430_85753ba2,LLY,2024-04-30,numerical_guidance,verified,autochecker
LLY_20240430_4fa773f0,LLY,2024-04-30,numerical_guidance,contradicted,autochecker
LLY_20240430_1c395abc,LLY,2024-04-30,numerical_guidance,partially_verified,autochecker
LLY_20240430_a8cd95d7,LLY,2024-04-30,numerical_guidance,partially_verified,autochecker
LLY_20240430_64bc4833,LLY,2024-04-30,numerical_guidance,partially_verified,autochecker
LLY_20240808_6d63e7e5,LLY,2024-08-08,numerical_guidance,verified,autochecker
LLY_20240808_711a9054,LLY,2024-08-08,numerical_guidance,partially_verified,autochecker
LLY_20240808_e95f14a3,LLY,2024-08-08,numerical_guidance,contradicted,autochecker
LLY_20240808_62fc99d5,LLY,2024-08-08,numerical_guidance,verified,autochecker
LLY_20240808_b54f8944,LLY,2024-08-08,numerical_guidance,partially_verified,autochecker
LLY_20240808_1e1e83d2,LLY,2024-08-08,numerical_guidance,contradicted,autochecker
LLY_20241030_5f729ea8,LLY,2024-10-30,numerical_guidance,verified,autochecker
LLY_20241030_a0e2ba1f,LLY,2024-10-30,numerical_guidance,verified,autochecker
LLY_20241030_124037a8,LLY,2024-10-30,numerical_guidance,contradicted,autochecker
LLY_20241030_8fefd562,LLY,2024-10-30,numerical_guidance,verified,autochecker
LLY_20250206_61612a18,LLY,2025-02-06,numerical_guidance,verified,autochecker
LLY_20250206_d6849549,LLY,2025-02-06,numerical_guidance,contradicted,autochecker
LLY_20250206_9193d79b,LLY,2025-02-06,numerical_guidance,verified,autochecker
LLY_20250206_a3133ec5,LLY,2025-02-06,numerical_guidance,contradicted,autochecker
LLY_20250206_bb029efd,LLY,2025-02-06,numerical_guidance,partially_verified,autochecker
LLY_20250206_47a22b6a,LLY,2025-02-06,numerical_guidance,contradicted,autochecker
LLY_20250807_4cebfda7,LLY,2025-08-07,numerical_guidance,verified,autochecker
LLY_20250807_cb52fd96,LLY,2025-08-07,numerical_guidance,verified,autochecker
LLY_20251030_cda637d0,LLY,2025-10-30,numerical_guidance,verified,autochecker
LLY_20251030_1967c293,LLY,2025-10-30,numerical_guidance,verified,autochecker
LLY_20260204_f752a62a,LLY,2026-02-04,numerical_guidance,not_yet_resolvable,autochecker
LLY_20260204_a1a8b2f9,LLY,2026-02-04,numerical_guidance,not_yet_resolvable,autochecker
LLY_20260204_0213484b,LLY,2026-02-04,numerical_guidance,not_yet_resolvable,autochecker
LLY_20260204_ecc44d3c,LLY,2026-02-04,numerical_guidance,not_yet_resolvable,autochecker
TSLA_20200129_0d24c342,TSLA,2020-01-29,capital_allocation,verified,autochecker
TSLA_20201021_5707f87b,TSLA,2020-10-21,capital_allocation,not_yet_resolvable,autochecker
TSLA_20201021_ba25cbd6,TSLA,2020-10-21,capital_allocation,verified,autochecker
TSLA_20210127_3ee6c625,TSLA,2021-01-27,capital_allocation,contradicted,autochecker
TSLA_20240124_0502b00e,TSLA,2024-01-24,capital_allocation,verified,autochecker
TSLA_20250129_31a0631f,TSLA,2025-01-29,capital_allocation,contradicted,autochecker
TSLA_20250422_c6157ee0,TSLA,2025-04-22,capital_allocation,contradicted,autochecker
TSLA_20251022_8c8824b0,TSLA,2025-10-22,capital_allocation,not_yet_resolvable,autochecker
TSLA_20260128_4ebcfe85,TSLA,2026-01-28,capital_allocation,not_yet_resolvable,autochecker
TSLA_20260128_31fc0d3a,TSLA,2026-01-28,capital_allocation,not_yet_resolvable,autochecker
AMZN_20200130_1cd863e3,AMZN,,,verified,agent
AMZN_20200430_347c1d6e,AMZN,,,not_yet_resolvable,agent
AMZN_20200430_dddaed85,AMZN,,,verified,agent
AMZN_20200730_0a1d976c,AMZN,,,not_yet_resolvable,agent
AMZN_20200730_64c18b2c,AMZN,,,verified,agent
AMZN_20200730_6974f0ad,AMZN,,,not_yet_resolvable,agent
AMZN_20200730_c9a98cb3,AMZN,,,not_yet_resolvable,agent
AMZN_20201029_22546409,AMZN,,,not_yet_resolvable,agent
AMZN_20201029_597cbccc,AMZN,,,not_yet_resolvable,agent
AMZN_20201029_bdea9712,AMZN,,,not_yet_resolvable,agent
AMZN_20201029_f632280b,AMZN,,,not_yet_resolvable,agent
AMZN_20210202_15e6a32a,AMZN,,,verified,agent
AMZN_20210202_d24455c1,AMZN,,,verified,agent
AMZN_20210429_1ba84639,AMZN,,,not_yet_resolvable,agent
AMZN_20210729_19a47115,AMZN,,,not_yet_resolvable,agent
AMZN_20210729_e07ed6f4,AMZN,,,not_yet_resolvable,agent
AMZN_20210729_e56c8da4,AMZN,,,verified,agent
AMZN_20211028_1f6789d9,AMZN,,,not_yet_resolvable,agent
AMZN_20211028_3a483caa,AMZN,,,not_yet_resolvable,agent
AMZN_20211028_4528cea0,AMZN,,,not_yet_resolvable,agent
AMZN_20211028_4a6273f5,AMZN,,,not_yet_resolvable,agent
AMZN_20211028_621aa1e5,AMZN,,,not_yet_resolvable,agent
AMZN_20211028_751c7b0d,AMZN,,,not_yet_resolvable,agent
AMZN_20211028_9448910c,AMZN,,,not_yet_resolvable,agent
AMZN_20220203_38e2df09,AMZN,,,not_yet_resolvable,agent
AMZN_20220203_8da221f6,AMZN,,,verified,agent
AMZN_20220203_f6a4b861,AMZN,,,contradicted,agent
AMZN_20220428_5bc909c9,AMZN,,,not_yet_resolvable,agent
AMZN_20220428_6a01e701,AMZN,,,not_yet_resolvable,agent
AMZN_20220428_7698b68f,AMZN,,,not_yet_resolvable,agent
AMZN_20220428_a4f37e80,AMZN,,,contradicted,agent
AMZN_20220428_f8d46f65,AMZN,,,not_yet_resolvable,agent
AMZN_20220728_03021416,AMZN,,,not_yet_resolvable,agent
AMZN_20220728_59c60123,AMZN,,,not_yet_resolvable,agent
AMZN_20220728_a19dc7f6,AMZN,,,not_yet_resolvable,agent
AMZN_20220728_b229b69a,AMZN,,,not_yet_resolvable,agent
AMZN_20220728_b89fc80c,AMZN,,,not_yet_resolvable,agent
AMZN_20220728_efb594da,AMZN,,,contradicted,agent
AMZN_20221027_83181b30,AMZN,,,contradicted,agent
AMZN_20240201_24897e16,AMZN,,,verified,agent
AMZN_20241031_28e4365d,AMZN,,,verified,agent
AMZN_20250206_3e6fd5b0,AMZN,,,partially_verified,agent
AMZN_20250206_50996b66,AMZN,,,not_yet_resolvable,agent
AMZN_20250206_61d2f8fe,AMZN,,,verified,agent
AMZN_20250206_71e2b26d,AMZN,,,not_yet_resolvable,agent
AMZN_20250206_7ad0922b,AMZN,,,not_yet_resolvable,agent
AMZN_20250206_8d9540ed,AMZN,,,verified,agent
AMZN_20250206_9697fcee,AMZN,,,partially_verified,agent
AMZN_20250206_e74bbf15,AMZN,,,partially_verified,agent
AMZN_20250206_f84aefd1,AMZN,,,not_yet_resolvable,agent
AMZN_20250501_0bae6d8c,AMZN,,,not_yet_resolvable,agent
AMZN_20250501_0e9b176e,AMZN,,,verified,agent
AMZN_20250501_3062f8d5,AMZN,,,not_yet_resolvable,agent
AMZN_20250501_df1de583,AMZN,,,not_yet_resolvable,agent
AMZN_20250731_2e684006,AMZN,,,not_yet_resolvable,agent
AMZN_20251030_1799696f,AMZN,,,not_yet_resolvable,agent
AMZN_20251030_1b5ad067,AMZN,,,not_yet_resolvable,agent
AMZN_20251030_1f56bf0b,AMZN,,,not_yet_resolvable,agent
AMZN_20251030_56da3d64,AMZN,,,not_yet_resolvable,agent
AMZN_20251030_abf92cc5,AMZN,,,not_yet_resolvable,agent
AMZN_20260429_b6cca4b7,AMZN,,,not_yet_resolvable,agent
AMZN_20260429_cc587fa7,AMZN,,,not_yet_resolvable,agent
AMZN_20260429_ef788d10,AMZN,,,not_yet_resolvable,agent
KO_20210721_99b129a3,KO,,,partially_verified,agent
KO_20220210_2304fe07,KO,,,partially_verified,agent
KO_20220425_bd011086,KO,,,not_yet_resolvable,agent
KO_20220726_50315beb,KO,,,not_yet_resolvable,agent
KO_20230424_dd036928,KO,,,not_yet_resolvable,agent
KO_20231024_8adc98fa,KO,,,not_yet_resolvable,agent
KO_20250211_e5790e85,KO,,,not_yet_resolvable,agent
KO_20250429_4d6f1f6f,KO,,,not_yet_resolvable,agent
KO_20260210_693f747c,KO,,,not_yet_resolvable,agent
KO_20260210_e4f7e660,KO,,,not_yet_resolvable,agent
KO_20260428_8c95817c,KO,,,not_yet_resolvable,agent
LLY_20200130_1dc1abc7,LLY,,,contradicted,agent
LLY_20200730_b7a9e113,LLY,,,verified,agent
LLY_20201027_452e512f,LLY,,,verified,agent
LLY_20210427_20d15698,LLY,,,not_yet_resolvable,agent
LLY_20210427_b0c29761,LLY,,,not_yet_resolvable,agent
LLY_20210427_bf5c2771,LLY,,,not_yet_resolvable,agent
LLY_20210803_7271be5c,LLY,,,not_yet_resolvable,agent
LLY_20210803_957172c6,LLY,,,not_yet_resolvable,agent
LLY_20210803_9c709f4a,LLY,,,not_yet_resolvable,agent
LLY_20210803_cc855df5,LLY,,,not_yet_resolvable,agent
LLY_20211026_4df2938d,LLY,,,verified,agent
LLY_20211026_96566b40,LLY,,,not_yet_resolvable,agent
LLY_20220428_aaf9fe96,LLY,,,not_yet_resolvable,agent
LLY_20220428_dfe851cc,LLY,,,contradicted,agent
LLY_20220804_3378a50f,LLY,,,not_yet_resolvable,agent
LLY_20220804_3db382ac,LLY,,,not_yet_resolvable,agent
LLY_20220804_5611ef0e,LLY,,,verified,agent
LLY_20220804_9030eb51,LLY,,,not_yet_resolvable,agent
LLY_20220804_cc47ac5e,LLY,,,verified,agent
LLY_20221101_00d43fa5,LLY,,,verified,agent
LLY_20221101_430e3422,LLY,,,verified,agent
LLY_20221101_95a826e5,LLY,,,contradicted,agent
LLY_20221101_e4d207f7,LLY,,,not_yet_resolvable,agent
LLY_20230202_e5dc3137,LLY,,,not_yet_resolvable,agent
LLY_20230427_5638a15f,LLY,,,not_yet_resolvable,agent
LLY_20230808_c091c720,LLY,,,contradicted,agent
LLY_20230808_fc49ddfd,LLY,,,not_yet_resolvable,agent
LLY_20240206_4df3cd1a,LLY,,,not_yet_resolvable,agent
LLY_20240206_69e308bc,LLY,,,not_yet_resolvable,agent
LLY_20240206_fab388b2,LLY,,,verified,agent
LLY_20240808_33064696,LLY,,,not_yet_resolvable,agent
LLY_20240808_9ae3e32d,LLY,,,not_yet_resolvable,agent
LLY_20240808_e607339d,LLY,,,not_yet_resolvable,agent
LLY_20241030_355a1ad5,LLY,,,not_yet_resolvable,agent
LLY_20241030_5ece222e,LLY,,,not_yet_resolvable,agent
LLY_20241030_7b3f9a92,LLY,,,not_yet_resolvable,agent
LLY_20250206_ce80ed29,LLY,,,contradicted,agent
LLY_20250206_f84cd060,LLY,,,not_yet_resolvable,agent
LLY_20250501_3c999858,LLY,,,not_yet_resolvable,agent
LLY_20250807_3739b0b9,LLY,,,not_yet_resolvable,agent
LLY_20250807_4dbd3c99,LLY,,,not_yet_resolvable,agent
LLY_20250807_ac08407f,LLY,,,verified,agent
LLY_20250807_bdaab72c,LLY,,,not_yet_resolvable,agent
LLY_20251030_e9ef9475,LLY,,,not_yet_resolvable,agent
TSLA_20200129_d58c5cc2,TSLA,,,verified,agent
TSLA_20200429_5b837e4c,TSLA,,,not_yet_resolvable,agent
TSLA_20200429_5bec32f8,TSLA,,,verified,agent
TSLA_20200722_32a14d8b,TSLA,,,verified,agent
TSLA_20200722_38cf12e4,TSLA,,,verified,agent
TSLA_20201021_1b635431,TSLA,,,partially_verified,agent
TSLA_20210127_18a05b04,TSLA,,,not_yet_resolvable,agent
TSLA_20210127_775dbe87,TSLA,,,verified,agent
TSLA_20210127_83b7deb7,TSLA,,,verified,agent
TSLA_20210127_982bc4b3,TSLA,,,not_yet_resolvable,agent
TSLA_20210127_99912859,TSLA,,,not_yet_resolvable,agent
TSLA_20210127_e0562e71,TSLA,,,verified,agent
TSLA_20210726_509bbf61,TSLA,,,verified,agent
TSLA_20211020_a99d45a7,TSLA,,,verified,agent
TSLA_20211020_cd583716,TSLA,,,not_yet_resolvable,agent
TSLA_20220126_4bd4a829,TSLA,,,verified,agent
TSLA_20220126_587e35fa,TSLA,,,contradicted,agent
TSLA_20220126_9e2c6b89,TSLA,,,not_yet_resolvable,agent
TSLA_20220420_9400b019,TSLA,,,partially_verified,agent
TSLA_20220420_c911e6d6,TSLA,,,contradicted,agent
TSLA_20220420_ca031d2f,TSLA,,,contradicted,agent
TSLA_20220720_0566011a,TSLA,,,verified,agent
TSLA_20220720_bfb9a678,TSLA,,,not_yet_resolvable,agent
TSLA_20220720_f94d5385,TSLA,,,not_yet_resolvable,agent
TSLA_20221019_aa73a39d,TSLA,,,not_yet_resolvable,agent
TSLA_20221019_f8d83fa3,TSLA,,,verified,agent
TSLA_20230125_a398bf43,TSLA,,,partially_verified,agent
TSLA_20230125_c876c167,TSLA,,,not_yet_resolvable,agent
TSLA_20230419_1dc035ac,TSLA,,,contradicted,agent
TSLA_20230419_c59f1d27,TSLA,,,not_yet_resolvable,agent
TSLA_20230419_e904453a,TSLA,,,contradicted,agent
TSLA_20230419_ed13b7b2,TSLA,,,not_yet_resolvable,agent
TSLA_20230719_5aa48b0c,TSLA,,,not_yet_resolvable,agent
TSLA_20230719_61b47d02,TSLA,,,not_yet_resolvable,agent
TSLA_20230719_6f058474,TSLA,,,not_yet_resolvable,agent
TSLA_20230719_d60f3080,TSLA,,,verified,agent
TSLA_20230719_fd12951a,TSLA,,,not_yet_resolvable,agent
TSLA_20231018_32e56757,TSLA,,,not_yet_resolvable,agent
TSLA_20240124_63091c03,TSLA,,,not_yet_resolvable,agent
TSLA_20240124_a64de7fe,TSLA,,,not_yet_resolvable,agent
TSLA_20240423_2fe8ffed,TSLA,,,not_yet_resolvable,agent
TSLA_20240423_5c6442fa,TSLA,,,verified,agent
TSLA_20240423_c00ad040,TSLA,,,not_yet_resolvable,agent
TSLA_20241023_68bb2a0b,TSLA,,,not_yet_resolvable,agent
TSLA_20241023_b271d694,TSLA,,,contradicted,agent
TSLA_20250129_2277d70b,TSLA,,,verified,agent
TSLA_20250723_af9d11f3,TSLA,,,not_yet_resolvable,agent
TSLA_20250723_bedcd74c,TSLA,,,partially_verified,agent
TSLA_20251022_1779f5e8,TSLA,,,not_yet_resolvable,agent
TSLA_20251022_b3e3eaa6,TSLA,,,not_yet_resolvable,agent
TSLA_20260422_18607fc9,TSLA,,,not_yet_resolvable,agent
