claim_id,ticker,company,call_date,fiscal_period,claim_type,verbatim_quote,quote_verbatim,summary,horizon_raw,horizon_period,horizon_end_date,speaker_name,speaker_type,transcript_id,component_id,source_call,extraction_model,prompt_version,extracted_at
AMZN_20200130_1aa89581,AMZN,"Amazon.com, Inc.",2020-01-30,Q4 2019,capital_allocation,We did pledge to invest $1 billion to help digitize traders and those micro and small businesses across India.,True,Management pledged to invest $1 billion to help digitize traders and micro and small businesses across India by 2025.,by 2025,FY2025,2025-12-31,Dave Fildes,Executives,1899235,74490411,"Amazon.com, Inc., Q4 2019 Earnings Call, Jan 30, 2020",openai:gpt-5.5,b-extract-v4,2026-05-23T03:57:09.297328+00:00
AMZN_20200130_1d9cf202,AMZN,"Amazon.com, Inc.",2020-01-30,Q4 2019,numerical_guidance,"looking ahead to Q1, we estimate approximately $1 billion of additional costs year-over-year.",True,Management estimates approximately $1 billion of additional year-over-year costs in Q1.,Q1,,,Brian Olsavsky,Executives,1899235,74490414,"Amazon.com, Inc., Q4 2019 Earnings Call, Jan 30, 2020",openai:gpt-5.5,b-extract-v4,2026-05-23T03:57:09.297328+00:00
AMZN_20200130_1906ca7b,AMZN,"Amazon.com, Inc.",2020-01-30,Q4 2019,capital_allocation,we look ahead and see a step-up in that this year as we start to build more capacity for the 1-day.,True,Management expects a step-up in fulfillment and transportation square footage this year as it builds more capacity for one-day delivery.,this year,FY2020,2020-12-31,Brian Olsavsky,Executives,1899235,74490414,"Amazon.com, Inc., Q4 2019 Earnings Call, Jan 30, 2020",openai:gpt-5.5,b-extract-v4,2026-05-23T03:57:09.297328+00:00
AMZN_20200130_ca902b8e,AMZN,"Amazon.com, Inc.",2020-01-30,Q4 2019,numerical_guidance,the range that we gave you of $3 billion to $4.2 billion,True,Management referenced Q1 operating income guidance of $3 billion to $4.2 billion.,Q1,,,Brian Olsavsky,Executives,1899235,74490435,"Amazon.com, Inc., Q4 2019 Earnings Call, Jan 30, 2020",openai:gpt-5.5,b-extract-v4,2026-05-23T03:57:09.297328+00:00
AMZN_20200430_dddaed85,AMZN,"Amazon.com, Inc.",2020-04-30,Q1 2020,numerical_guidance,expect these costs could grow to $4 billion or more in Q2,True,Management expects COVID-related costs could grow to $4 billion or more in Q2.,Q2,,,Brian Olsavsky,Executives,2028568,79363131,"Amazon.com, Inc., Q1 2020 Earnings Call, Apr 30, 2020",openai:gpt-5.5,b-extract-v4,2026-05-23T03:57:54.980824+00:00
AMZN_20200430_347c1d6e,AMZN,"Amazon.com, Inc.",2020-04-30,Q1 2020,numerical_guidance,So we estimate the testing will be about $300 million in Q2 if we're successful.,True,Management estimates testing will cost about $300 million in Q2 if successful.,Q2,,,Brian Olsavsky,Executives,2028568,79363134,"Amazon.com, Inc., Q1 2020 Earnings Call, Apr 30, 2020",openai:gpt-5.5,b-extract-v4,2026-05-23T03:57:54.980824+00:00
AMZN_20200730_64c18b2c,AMZN,"Amazon.com, Inc.",2020-07-30,Q2 2020,capital_allocation,we'll be adding significant fulfillment center and transportation capacity in the second half of the year.,True,Management plans to add significant fulfillment center and transportation capacity in the second half of the year.,the second half of the year,H2 2020,2020-12-31,Brian Olsavsky,Executives,2078690,81579949,"Amazon.com, Inc., Q2 2020 Earnings Call, Jul 30, 2020",openai:gpt-5.5,b-extract-v4,2026-05-23T03:59:08.426108+00:00
AMZN_20200730_0a1d976c,AMZN,"Amazon.com, Inc.",2020-07-30,Q2 2020,numerical_guidance,"We expect to incur more than $2 billion in COVID-related expenses in Q3 to help keep employees safe, including continued investment in social distancing, PP&E and testing.",True,Management expects to incur more than $2 billion in COVID-related expenses in Q3.,Q3,,,Brian Olsavsky,Executives,2078690,81579949,"Amazon.com, Inc., Q2 2020 Earnings Call, Jul 30, 2020",openai:gpt-5.5,b-extract-v4,2026-05-23T03:59:08.426108+00:00
AMZN_20200730_5305debe,AMZN,"Amazon.com, Inc.",2020-07-30,Q2 2020,capital_allocation,we expect the same this year.,True,Management expects to open the majority of its new fulfillment network capacity in the third quarter this year.,this year,FY2020,2020-12-31,Brian Olsavsky,Executives,2078690,81579949,"Amazon.com, Inc., Q2 2020 Earnings Call, Jul 30, 2020",openai:gpt-5.5,b-extract-v4,2026-05-23T03:59:08.426108+00:00
AMZN_20200730_6974f0ad,AMZN,"Amazon.com, Inc.",2020-07-30,Q2 2020,numerical_guidance,"This year, we expect a meaningfully higher year-over-year square footage growth of approximately 50%.",True,Management expects year-over-year square footage growth of approximately 50% this year.,This year,FY2020,2020-12-31,Brian Olsavsky,Executives,2078690,81579949,"Amazon.com, Inc., Q2 2020 Earnings Call, Jul 30, 2020",openai:gpt-5.5,b-extract-v4,2026-05-23T03:59:08.426108+00:00
AMZN_20200730_c9a98cb3,AMZN,"Amazon.com, Inc.",2020-07-30,Q2 2020,capital_allocation,We expect the majority of this capacity to come online in late Q3 and into Q4.,True,Management expects the majority of the added capacity to come online in late Q3 and into Q4.,late Q3 and into Q4,,,Brian Olsavsky,Executives,2078690,81579949,"Amazon.com, Inc., Q2 2020 Earnings Call, Jul 30, 2020",openai:gpt-5.5,b-extract-v4,2026-05-23T03:59:08.426108+00:00
AMZN_20200730_55e54ea6,AMZN,"Amazon.com, Inc.",2020-07-30,Q2 2020,capital_allocation,"Obviously, we will add some capacity and things in transportation and fulfillment centers",True,Management plans to add capacity in transportation and fulfillment centers.,,,,Brian Olsavsky,Executives,2078690,81579960,"Amazon.com, Inc., Q2 2020 Earnings Call, Jul 30, 2020",openai:gpt-5.5,b-extract-v4,2026-05-23T03:59:08.426108+00:00
AMZN_20200730_ef7a9b49,AMZN,"Amazon.com, Inc.",2020-07-30,Q2 2020,numerical_guidance,You see our revenue range is $87 billion to $93 billion,True,Management indicates a Q3 revenue range of $87 billion to $93 billion.,Q3,,,Brian Olsavsky,Executives,2078690,81579966,"Amazon.com, Inc., Q2 2020 Earnings Call, Jul 30, 2020",openai:gpt-5.5,b-extract-v4,2026-05-23T03:59:08.426108+00:00
AMZN_20200730_3bc14b9c,AMZN,"Amazon.com, Inc.",2020-07-30,Q2 2020,numerical_guidance,"if you look at the growth rate, that translates into somewhere in the 24% to 33% growth rate in Q3.",True,Management indicates Q3 revenue growth of 24% to 33%.,Q3,,,Brian Olsavsky,Executives,2078690,81579966,"Amazon.com, Inc., Q2 2020 Earnings Call, Jul 30, 2020",openai:gpt-5.5,b-extract-v4,2026-05-23T03:59:08.426108+00:00
AMZN_20201029_f632280b,AMZN,"Amazon.com, Inc.",2020-10-29,Q3 2020,numerical_guidance,we expect to incur approximately $4 billion in Q4.,True,Management expects to incur approximately $4 billion of incremental COVID-related costs in Q4.,Q4,,,Brian Olsavsky,Executives,2154203,84651994,"Amazon.com, Inc., Q3 2020 Earnings Call, Oct 29, 2020",openai:gpt-5.5,b-extract-v4,2026-05-23T04:00:10.110019+00:00
AMZN_20201029_bdea9712,AMZN,"Amazon.com, Inc.",2020-10-29,Q3 2020,capital_allocation,some of our fulfillment network expansion shifted out a few weeks and will happen in Q4 rather than Q3.,True,Management says some fulfillment network expansion will occur in Q4 instead of Q3.,Q4,,,Brian Olsavsky,Executives,2154203,84651994,"Amazon.com, Inc., Q3 2020 Earnings Call, Oct 29, 2020",openai:gpt-5.5,b-extract-v4,2026-05-23T04:00:10.110019+00:00
AMZN_20201029_22546409,AMZN,"Amazon.com, Inc.",2020-10-29,Q3 2020,capital_allocation,we expect to grow our fulfillment and logistics network square footage by approximately 50% this year,True,Management expects to grow fulfillment and logistics network square footage by approximately 50% this year.,this year,FY2020,2020-12-31,Brian Olsavsky,Executives,2154203,84651994,"Amazon.com, Inc., Q3 2020 Earnings Call, Oct 29, 2020",openai:gpt-5.5,b-extract-v4,2026-05-23T04:00:10.110019+00:00
AMZN_20201029_90518dbc,AMZN,"Amazon.com, Inc.",2020-10-29,Q3 2020,capital_allocation,About half of this square footage growth will be on the transportation side to the opening of more sorting centers and delivery stations.,True,Management expects about half of the square footage growth to be on the transportation side through more sorting centers and delivery stations.,,,,Brian Olsavsky,Executives,2154203,84651994,"Amazon.com, Inc., Q3 2020 Earnings Call, Oct 29, 2020",openai:gpt-5.5,b-extract-v4,2026-05-23T04:00:10.110019+00:00
AMZN_20201029_37b2424a,AMZN,"Amazon.com, Inc.",2020-10-29,Q3 2020,capital_allocation,about half of our Ops CapEx is going to expand in transportation.,True,Management says about half of operations CapEx will expand transportation.,,,,Brian Olsavsky,Executives,2154203,84652010,"Amazon.com, Inc., Q3 2020 Earnings Call, Oct 29, 2020",openai:gpt-5.5,b-extract-v4,2026-05-23T04:00:10.110019+00:00
AMZN_20201029_15af32c2,AMZN,"Amazon.com, Inc.",2020-10-29,Q3 2020,capital_allocation,We do see continued expansion and CapEx specifically in our transportation area.,True,Management expects continued expansion and CapEx specifically in transportation.,,,,Brian Olsavsky,Executives,2154203,84652010,"Amazon.com, Inc., Q3 2020 Earnings Call, Oct 29, 2020",openai:gpt-5.5,b-extract-v4,2026-05-23T04:00:10.110019+00:00
AMZN_20201029_e4c7106d,AMZN,"Amazon.com, Inc.",2020-10-29,Q3 2020,capital_allocation,So that will be the start of probably a multiyear period where we're higher on CapEx for that.,True,Management expects this to begin a multiyear period of higher CapEx for transportation.,a multiyear period,,,Brian Olsavsky,Executives,2154203,84652010,"Amazon.com, Inc., Q3 2020 Earnings Call, Oct 29, 2020",openai:gpt-5.5,b-extract-v4,2026-05-23T04:00:10.110019+00:00
AMZN_20201029_597cbccc,AMZN,"Amazon.com, Inc.",2020-10-29,Q3 2020,numerical_guidance,we're seeing closer to $4 billion in Q4.,True,Management expects COVID-related expenses to be closer to $4 billion in Q4.,Q4,,,Brian Olsavsky,Executives,2154203,84652013,"Amazon.com, Inc., Q3 2020 Earnings Call, Oct 29, 2020",openai:gpt-5.5,b-extract-v4,2026-05-23T04:00:10.110019+00:00
AMZN_20210202_aa1f2635,AMZN,"Amazon.com, Inc.",2021-02-02,Q4 2020,capital_allocation,So we are going to have to build probably for multiple scenarios.,True,Management expects to build fulfillment capacity for multiple scenarios.,,,,Brian Olsavsky,Executives,2188888,85626226,"Amazon.com, Inc., Q4 2020 Earnings Call, Feb 02, 2021",openai:gpt-5.5,b-extract-v4,2026-05-23T04:01:05.382488+00:00
AMZN_20210202_ec9041f3,AMZN,"Amazon.com, Inc.",2021-02-02,Q4 2020,capital_allocation,That work is not done yet. We have a lot of continued expansion. So we see that over -- definitely through 2021.,True,Management plans continued expansion of Amazon's transportation network through 2021.,through 2021,FY2021,2021-12-31,Brian Olsavsky,Executives,2188888,85626226,"Amazon.com, Inc., Q4 2020 Earnings Call, Feb 02, 2021",openai:gpt-5.5,b-extract-v4,2026-05-23T04:01:05.382488+00:00
AMZN_20210202_7ae6880d,AMZN,"Amazon.com, Inc.",2021-02-02,Q4 2020,capital_allocation,And then infrastructure will remain a healthy part of our investment as well.,True,Management expects infrastructure to remain a significant area of investment.,,,,Brian Olsavsky,Executives,2188888,85626226,"Amazon.com, Inc., Q4 2020 Earnings Call, Feb 02, 2021",openai:gpt-5.5,b-extract-v4,2026-05-23T04:01:05.382488+00:00
AMZN_20210202_a9e44f39,AMZN,"Amazon.com, Inc.",2021-02-02,Q4 2020,numerical_guidance,We see a step down to closer to $2 billion in Q1.,True,Management expects COVID-related costs to step down to closer to $2 billion in Q1.,Q1,,,Brian Olsavsky,Executives,2188888,85626229,"Amazon.com, Inc., Q4 2020 Earnings Call, Feb 02, 2021",openai:gpt-5.5,b-extract-v4,2026-05-23T04:01:05.382488+00:00
AMZN_20210202_a12d1c80,AMZN,"Amazon.com, Inc.",2021-02-02,Q4 2020,capital_allocation,I think in the neighborhood of about half a dozen locations are confirmed to open.,True,Management said about half a dozen AmazonFresh locations are confirmed to open.,,,,Dave Fildes,Executives,2188888,85626234,"Amazon.com, Inc., Q4 2020 Earnings Call, Feb 02, 2021",openai:gpt-5.5,b-extract-v4,2026-05-23T04:01:05.382488+00:00
KO_20200130_59d7b91c,KO,The Coca-Cola Company,2020-01-30,Q4 2019,numerical_guidance,we expect organic growth -- organic revenue growth of approximately 5%,True,Management expects organic revenue growth of approximately 5% for 2020.,2020,FY2020,2020-12-31,John Murphy,Executives,1900110,74534636,"The Coca-Cola Company, Q4 2019 Earnings Call, Jan 30, 2020",openai:gpt-5.5,b-extract-v4,2026-05-23T04:02:10.612200+00:00
KO_20200130_f2d00f6e,KO,The Coca-Cola Company,2020-01-30,Q4 2019,numerical_guidance,comparable currency-neutral operating income growth of approximately 8%,True,Management expects comparable currency-neutral operating income growth of approximately 8% for 2020.,2020,FY2020,2020-12-31,John Murphy,Executives,1900110,74534636,"The Coca-Cola Company, Q4 2019 Earnings Call, Jan 30, 2020",openai:gpt-5.5,b-extract-v4,2026-05-23T04:02:10.612200+00:00
KO_20200130_26d9854a,KO,The Coca-Cola Company,2020-01-30,Q4 2019,numerical_guidance,we anticipate a 0 to 1 point headwind on revenue,True,Management anticipates a 0 to 1 point currency headwind on revenue for 2020.,2020,FY2020,2020-12-31,John Murphy,Executives,1900110,74534636,"The Coca-Cola Company, Q4 2019 Earnings Call, Jan 30, 2020",openai:gpt-5.5,b-extract-v4,2026-05-23T04:02:10.612200+00:00
KO_20200130_d43b447d,KO,The Coca-Cola Company,2020-01-30,Q4 2019,numerical_guidance,a 2- to 3-point headwind at operating income,True,Management anticipates a 2 to 3 point currency headwind on operating income for 2020.,2020,FY2020,2020-12-31,John Murphy,Executives,1900110,74534636,"The Coca-Cola Company, Q4 2019 Earnings Call, Jan 30, 2020",openai:gpt-5.5,b-extract-v4,2026-05-23T04:02:10.612200+00:00
KO_20200130_86a4e5ec,KO,The Coca-Cola Company,2020-01-30,Q4 2019,numerical_guidance,"we expect comparable earnings per share of approximately $2.25 for 2020, a 7% increase from the prior year",True,"Management expects comparable earnings per share of approximately $2.25 for 2020, a 7% increase from the prior year.",2020,FY2020,2020-12-31,John Murphy,Executives,1900110,74534636,"The Coca-Cola Company, Q4 2019 Earnings Call, Jan 30, 2020",openai:gpt-5.5,b-extract-v4,2026-05-23T04:02:10.612200+00:00
KO_20200130_424ed141,KO,The Coca-Cola Company,2020-01-30,Q4 2019,numerical_guidance,We also expect to generate approximately $8 billion of free cash flow for 2020,True,Management expects to generate approximately $8 billion of free cash flow for 2020.,2020,FY2020,2020-12-31,John Murphy,Executives,1900110,74534636,"The Coca-Cola Company, Q4 2019 Earnings Call, Jan 30, 2020",openai:gpt-5.5,b-extract-v4,2026-05-23T04:02:10.612200+00:00
KO_20200130_81e18182,KO,The Coca-Cola Company,2020-01-30,Q4 2019,numerical_guidance,$10 billion in cash from operations,True,Management expects $10 billion in cash from operations for 2020.,2020,FY2020,2020-12-31,John Murphy,Executives,1900110,74534636,"The Coca-Cola Company, Q4 2019 Earnings Call, Jan 30, 2020",openai:gpt-5.5,b-extract-v4,2026-05-23T04:02:10.612200+00:00
KO_20200130_44410b62,KO,The Coca-Cola Company,2020-01-30,Q4 2019,capital_allocation,$2 billion in capital investments,True,Management expects $2 billion in capital investments for 2020.,2020,FY2020,2020-12-31,John Murphy,Executives,1900110,74534636,"The Coca-Cola Company, Q4 2019 Earnings Call, Jan 30, 2020",openai:gpt-5.5,b-extract-v4,2026-05-23T04:02:10.612200+00:00
KO_20200130_8b0793bf,KO,The Coca-Cola Company,2020-01-30,Q4 2019,capital_allocation,We'll also continue to return cash to shareowners by growing the dividend.,True,Management plans to continue growing the dividend.,,,,John Murphy,Executives,1900110,74534636,"The Coca-Cola Company, Q4 2019 Earnings Call, Jan 30, 2020",openai:gpt-5.5,b-extract-v4,2026-05-23T04:02:10.612200+00:00
KO_20200130_857d998c,KO,The Coca-Cola Company,2020-01-30,Q4 2019,capital_allocation,we intend to use the excess cash to repurchase shares over time.,True,Management intends to use excess cash to repurchase shares over time.,over time,,,John Murphy,Executives,1900110,74534636,"The Coca-Cola Company, Q4 2019 Earnings Call, Jan 30, 2020",openai:gpt-5.5,b-extract-v4,2026-05-23T04:02:10.612200+00:00
KO_20200421_64ed14db,KO,The Coca-Cola Company,2020-04-21,Q1 2020,capital_allocation,we have paused all capital spend other than what is absolutely essential or has already been committed.,True,"Management has paused all capital spending except essential or already committed spending, with particular emphasis on the second quarter.",quarter 2,,,John Murphy,Executives,2012995,78760809,"The Coca-Cola Company, Q1 2020 Earnings Call, Apr 21, 2020",openai:gpt-5.5,b-extract-v4,2026-05-23T04:02:47.875476+00:00
KO_20200421_d4d9d438,KO,The Coca-Cola Company,2020-04-21,Q1 2020,capital_allocation,continuing to prioritize our dividend.,True,Management plans to continue prioritizing the dividend.,,,,John Murphy,Executives,2012995,78760809,"The Coca-Cola Company, Q1 2020 Earnings Call, Apr 21, 2020",openai:gpt-5.5,b-extract-v4,2026-05-23T04:02:47.875476+00:00
KO_20200421_2d19084a,KO,The Coca-Cola Company,2020-04-21,Q1 2020,capital_allocation,nor do we intend to repurchase shares.,True,Management does not intend to repurchase shares this year.,going forward this year,FY2020,2020-12-31,John Murphy,Executives,2012995,78760809,"The Coca-Cola Company, Q1 2020 Earnings Call, Apr 21, 2020",openai:gpt-5.5,b-extract-v4,2026-05-23T04:02:47.875476+00:00
KO_20200421_0d9d72e0,KO,The Coca-Cola Company,2020-04-21,Q1 2020,numerical_guidance,We still expect the company's underlying effective tax rate to be 19.5% for the year.,True,Management expects the company's underlying effective tax rate to be 19.5% for the year.,for the year,,,John Murphy,Executives,2012995,78760809,"The Coca-Cola Company, Q1 2020 Earnings Call, Apr 21, 2020",openai:gpt-5.5,b-extract-v4,2026-05-23T04:02:47.875476+00:00
KO_20200721_b82491c3,KO,The Coca-Cola Company,2020-07-21,Q2 2020,capital_allocation,"continue to grow the dividend, returning cash to our shareholders",True,Management plans to continue growing the dividend and returning cash to shareholders.,,,,John Murphy,Executives,2075241,81430439,"The Coca-Cola Company, Q2 2020 Earnings Call, Jul 21, 2020",openai:gpt-5.5,b-extract-v4,2026-05-23T04:03:21.766147+00:00
KO_20200721_c33554d7,KO,The Coca-Cola Company,2020-07-21,Q2 2020,capital_allocation,continuing to support the dividend in that period,True,Management plans to continue supporting the dividend during that period.,in that period,,,John Murphy,Executives,2075241,81430457,"The Coca-Cola Company, Q2 2020 Earnings Call, Jul 21, 2020",openai:gpt-5.5,b-extract-v4,2026-05-23T04:03:21.766147+00:00
KO_20201022_db7a94fc,KO,The Coca-Cola Company,2020-10-22,Q3 2020,numerical_guidance,with an impact of less than 1% to top line and profits,True,Management expects the master brand streamlining to have an impact of less than 1% on top line and profits.,,,,John Murphy,Executives,2147894,84522575,"The Coca-Cola Company, Q3 2020 Earnings Call, Oct 22, 2020",openai:gpt-5.5,b-extract-v4,2026-05-23T04:04:31.708020+00:00
KO_20201022_1f28f98a,KO,The Coca-Cola Company,2020-10-22,Q3 2020,numerical_guidance,The combination of voluntary separation programs and involuntary reductions are estimated to result in expenses ranging from approximately $350 million to $550 million.,True,Management estimates voluntary separation programs and involuntary reductions will result in expenses of approximately $350 million to $550 million.,,,,John Murphy,Executives,2147894,84522575,"The Coca-Cola Company, Q3 2020 Earnings Call, Oct 22, 2020",openai:gpt-5.5,b-extract-v4,2026-05-23T04:04:31.708020+00:00
KO_20201022_2890b704,KO,The Coca-Cola Company,2020-10-22,Q3 2020,numerical_guidance,we expect a currency headwind of approximately 3% to the top line,True,Management expects a currency headwind of approximately 3% to top line in the fourth quarter.,the fourth quarter,,,John Murphy,Executives,2147894,84522575,"The Coca-Cola Company, Q3 2020 Earnings Call, Oct 22, 2020",openai:gpt-5.5,b-extract-v4,2026-05-23T04:04:31.708020+00:00
KO_20201022_cd949b6d,KO,The Coca-Cola Company,2020-10-22,Q3 2020,numerical_guidance,approximately 9% to comparable operating income in the fourth quarter,True,Management expects a currency headwind of approximately 9% to comparable operating income in the fourth quarter.,the fourth quarter,,,John Murphy,Executives,2147894,84522575,"The Coca-Cola Company, Q3 2020 Earnings Call, Oct 22, 2020",openai:gpt-5.5,b-extract-v4,2026-05-23T04:04:31.708020+00:00
KO_20201022_6225c934,KO,The Coca-Cola Company,2020-10-22,Q3 2020,capital_allocation,We will continue to work to return to a dividend payout ratio as a percentage of free cash flow that approaches 75% over time.,True,Management plans to work toward returning the dividend payout ratio as a percentage of free cash flow to approximately 75% over time.,over time,,,John Murphy,Executives,2147894,84522575,"The Coca-Cola Company, Q3 2020 Earnings Call, Oct 22, 2020",openai:gpt-5.5,b-extract-v4,2026-05-23T04:04:31.708020+00:00
KO_20210210_f888b912,KO,The Coca-Cola Company,2021-02-10,Q4 2020,numerical_guidance,we expect currency to be a tailwind of approximately 2% to 3% to the top line,True,Management expects currency to be a 2% to 3% tailwind to the top line in 2021.,2021,FY2021,2021-12-31,John Murphy,Executives,2244096,87046379,"The Coca-Cola Company, Q4 2020 Earnings Call, Feb 10, 2021",openai:gpt-5.5,b-extract-v4,2026-05-23T04:05:49.371641+00:00
KO_20210210_05b3d368,KO,The Coca-Cola Company,2021-02-10,Q4 2020,numerical_guidance,approximately 3% to 4% to comparable EPS in 2021,True,Management expects currency to be a 3% to 4% tailwind to comparable EPS in 2021.,2021,FY2021,2021-12-31,John Murphy,Executives,2244096,87046379,"The Coca-Cola Company, Q4 2020 Earnings Call, Feb 10, 2021",openai:gpt-5.5,b-extract-v4,2026-05-23T04:05:49.371641+00:00
KO_20210210_90c22528,KO,The Coca-Cola Company,2021-02-10,Q4 2020,numerical_guidance,expect to deliver at least $10 billion in cash from operations,True,Management expects to deliver at least $10 billion in cash from operations in 2021.,2021,FY2021,2021-12-31,John Murphy,Executives,2244096,87046379,"The Coca-Cola Company, Q4 2020 Earnings Call, Feb 10, 2021",openai:gpt-5.5,b-extract-v4,2026-05-23T04:05:49.371641+00:00
KO_20210210_e037eefa,KO,The Coca-Cola Company,2021-02-10,Q4 2020,capital_allocation,we expect capital expenditures of approximately $1.5 billion.,True,Management expects capital expenditures of approximately $1.5 billion in 2021.,2021,FY2021,2021-12-31,John Murphy,Executives,2244096,87046379,"The Coca-Cola Company, Q4 2020 Earnings Call, Feb 10, 2021",openai:gpt-5.5,b-extract-v4,2026-05-23T04:05:49.371641+00:00
LLY_20200130_fad62888,LLY,Eli Lilly and Company,2020-01-30,Q4 2019,numerical_guidance,keep us on track to achieve our 31% operating margin target this year,True,Management says Lilly is on track to achieve a 31% operating margin target this year.,this year,FY2020,2020-12-31,David Ricks,Executives,1902235,74636050,"Eli Lilly and Company, Q4 2019 Earnings Call, Jan 30, 2020",openai:gpt-5.5,b-extract-v4,2026-05-23T04:07:16.376288+00:00
LLY_20200130_eb16b055,LLY,Eli Lilly and Company,2020-01-30,Q4 2019,capital_allocation,we increased our dividend 15% for 2020,True,Management says Lilly increased its dividend by 15% for 2020.,2020,FY2020,2020-12-31,David Ricks,Executives,1902235,74636050,"Eli Lilly and Company, Q4 2019 Earnings Call, Jan 30, 2020",openai:gpt-5.5,b-extract-v4,2026-05-23T04:07:16.376288+00:00
LLY_20200130_94b8ea07,LLY,Eli Lilly and Company,2020-01-30,Q4 2019,numerical_guidance,are on track to achieve our 2020 full year operating margin target of 31%,True,Management says Lilly is on track to achieve a 31% operating margin target for full year 2020.,2020 full year,FY2020,2020-12-31,Joshua Smiley,Executives,1902235,74636051,"Eli Lilly and Company, Q4 2019 Earnings Call, Jan 30, 2020",openai:gpt-5.5,b-extract-v4,2026-05-23T04:07:16.376288+00:00
LLY_20200130_d6a7af3d,LLY,Eli Lilly and Company,2020-01-30,Q4 2019,numerical_guidance,we're increasing our revenue range by $100 million to include QBREXZA and to reflect strong prescription trends we see in the underlying business,True,Management is increasing Lilly's 2020 revenue guidance range by $100 million.,2020,FY2020,2020-12-31,Joshua Smiley,Executives,1902235,74636051,"Eli Lilly and Company, Q4 2019 Earnings Call, Jan 30, 2020",openai:gpt-5.5,b-extract-v4,2026-05-23T04:07:16.376288+00:00
LLY_20200130_1dc1abc7,LLY,Eli Lilly and Company,2020-01-30,Q4 2019,numerical_guidance,confirming our non-GAAP earnings per share range of $6.70 to $6.80,True,Management confirms Lilly's non-GAAP EPS guidance range of $6.70 to $6.80 for 2020.,2020,FY2020,2020-12-31,Joshua Smiley,Executives,1902235,74636051,"Eli Lilly and Company, Q4 2019 Earnings Call, Jan 30, 2020",openai:gpt-5.5,b-extract-v4,2026-05-23T04:07:16.376288+00:00
LLY_20200130_3437337a,LLY,Eli Lilly and Company,2020-01-30,Q4 2019,numerical_guidance,operating margin target of 31%,True,Management confirms Lilly's 31% operating margin target for 2020.,2020,FY2020,2020-12-31,Joshua Smiley,Executives,1902235,74636051,"Eli Lilly and Company, Q4 2019 Earnings Call, Jan 30, 2020",openai:gpt-5.5,b-extract-v4,2026-05-23T04:07:16.376288+00:00
LLY_20200130_218c3185,LLY,Eli Lilly and Company,2020-01-30,Q4 2019,numerical_guidance,earnings per share for 2020 is now expected to be in the range of $6.18 to $6.28.,True,Management expects reported EPS for 2020 to be in the range of $6.18 to $6.28.,2020,FY2020,2020-12-31,Joshua Smiley,Executives,1902235,74636051,"Eli Lilly and Company, Q4 2019 Earnings Call, Jan 30, 2020",openai:gpt-5.5,b-extract-v4,2026-05-23T04:07:16.376288+00:00
LLY_20200130_4ac197ee,LLY,Eli Lilly and Company,2020-01-30,Q4 2019,numerical_guidance,"In terms of margin this year, again, we've reiterated that we're on track for 31%.",True,Management reiterates that Lilly is on track for a 31% margin this year.,this year,FY2020,2020-12-31,Joshua Smiley,Executives,1902235,74636096,"Eli Lilly and Company, Q4 2019 Earnings Call, Jan 30, 2020",openai:gpt-5.5,b-extract-v4,2026-05-23T04:07:16.376288+00:00
LLY_20200130_6147da46,LLY,Eli Lilly and Company,2020-01-30,Q4 2019,numerical_guidance,Q1 will likely be below 31%.,True,Management expects Q1 margin to be below 31%.,Q1,,,Joshua Smiley,Executives,1902235,74636096,"Eli Lilly and Company, Q4 2019 Earnings Call, Jan 30, 2020",openai:gpt-5.5,b-extract-v4,2026-05-23T04:07:16.376288+00:00
LLY_20200130_a5af8d6a,LLY,Eli Lilly and Company,2020-01-30,Q4 2019,numerical_guidance,we don't expect to be at 31% in Q1,True,Management does not expect Lilly to reach a 31% margin in Q1.,Q1,,,Joshua Smiley,Executives,1902235,74636096,"Eli Lilly and Company, Q4 2019 Earnings Call, Jan 30, 2020",openai:gpt-5.5,b-extract-v4,2026-05-23T04:07:16.376288+00:00
LLY_20200130_4ba6f9d5,LLY,Eli Lilly and Company,2020-01-30,Q4 2019,numerical_guidance,"So I think we're confident that the sales growth that we're seeing, that we talked about in Q4 in our -- should persist for the year on top of a slower growing OpEx that we can predict and manage will get us to 31%.",True,Management expects sales growth and OpEx management to get Lilly to a 31% margin for the year.,for the year,,,Joshua Smiley,Executives,1902235,74636096,"Eli Lilly and Company, Q4 2019 Earnings Call, Jan 30, 2020",openai:gpt-5.5,b-extract-v4,2026-05-23T04:07:16.376288+00:00
LLY_20200423_dd2cd945,LLY,Eli Lilly and Company,2020-04-23,Q1 2020,numerical_guidance,we expect our 2020 operating margin to build throughout the year to achieve our 2020 target for the full year of 31%.,True,Management expects 2020 operating margin to reach a full-year target of 31%.,2020,FY2020,2020-12-31,Joshua Smiley,Executives,2014625,78817479,"Eli Lilly and Company, Q1 2020 Earnings Call, Apr 23, 2020",openai:gpt-5.5,b-extract-v4,2026-05-23T04:09:10.933031+00:00
LLY_20200423_d94c5fc2,LLY,Eli Lilly and Company,2020-04-23,Q1 2020,capital_allocation,"As previously announced, we increased the dividend by 15% for 2020.",True,Management increased the dividend by 15% for 2020.,2020,FY2020,2020-12-31,Joshua Smiley,Executives,2014625,78817479,"Eli Lilly and Company, Q1 2020 Earnings Call, Apr 23, 2020",openai:gpt-5.5,b-extract-v4,2026-05-23T04:09:10.933031+00:00
LLY_20200423_bd5c2623,LLY,Eli Lilly and Company,2020-04-23,Q1 2020,capital_allocation,"At this point, we do not expect to make additional share repurchases in the near term in order to maintain a cushion of liquidity and capacity for investment and continued dividend growth.",True,Management does not expect to make additional share repurchases in the near term.,in the near term,,,Joshua Smiley,Executives,2014625,78817479,"Eli Lilly and Company, Q1 2020 Earnings Call, Apr 23, 2020",openai:gpt-5.5,b-extract-v4,2026-05-23T04:09:10.933031+00:00
LLY_20200423_bf476290,LLY,Eli Lilly and Company,2020-04-23,Q1 2020,numerical_guidance,are on track to achieve our 2020 full year operating margin target of 31%.,True,Management says it is on track to achieve a 2020 full-year operating margin target of 31%.,2020 full year,FY2020,2020-12-31,Joshua Smiley,Executives,2014625,78817479,"Eli Lilly and Company, Q1 2020 Earnings Call, Apr 23, 2020",openai:gpt-5.5,b-extract-v4,2026-05-23T04:09:10.933031+00:00
LLY_20200423_1b4c3386,LLY,Eli Lilly and Company,2020-04-23,Q1 2020,numerical_guidance,we're confirming our prior expectations for gross margin as a percent of revenue to be roughly 81% on a non-GAAP basis,True,Management expects gross margin as a percent of revenue to be roughly 81% on a non-GAAP basis.,2020,FY2020,2020-12-31,Joshua Smiley,Executives,2014625,78817479,"Eli Lilly and Company, Q1 2020 Earnings Call, Apr 23, 2020",openai:gpt-5.5,b-extract-v4,2026-05-23T04:09:10.933031+00:00
LLY_20200423_2062e45e,LLY,Eli Lilly and Company,2020-04-23,Q1 2020,numerical_guidance,and 79% on a GAAP basis.,True,Management expects gross margin as a percent of revenue to be roughly 79% on a GAAP basis.,2020,FY2020,2020-12-31,Joshua Smiley,Executives,2014625,78817479,"Eli Lilly and Company, Q1 2020 Earnings Call, Apr 23, 2020",openai:gpt-5.5,b-extract-v4,2026-05-23T04:09:10.933031+00:00
LLY_20200423_ed13ba56,LLY,Eli Lilly and Company,2020-04-23,Q1 2020,numerical_guidance,there's no change to our non-GAAP operating income as a percent of revenue guidance of 31%.,True,Management maintains non-GAAP operating income as a percent of revenue guidance of 31%.,2020,FY2020,2020-12-31,Joshua Smiley,Executives,2014625,78817479,"Eli Lilly and Company, Q1 2020 Earnings Call, Apr 23, 2020",openai:gpt-5.5,b-extract-v4,2026-05-23T04:09:10.933031+00:00
LLY_20200423_7a6f669d,LLY,Eli Lilly and Company,2020-04-23,Q1 2020,numerical_guidance,Earnings per share is now expected to be in the range of $6.70 to $6.90 on a non-GAAP basis.,True,Management expects non-GAAP earnings per share in the range of $6.70 to $6.90.,2020,FY2020,2020-12-31,Joshua Smiley,Executives,2014625,78817479,"Eli Lilly and Company, Q1 2020 Earnings Call, Apr 23, 2020",openai:gpt-5.5,b-extract-v4,2026-05-23T04:09:10.933031+00:00
LLY_20200423_9d102d15,LLY,Eli Lilly and Company,2020-04-23,Q1 2020,numerical_guidance,Our GAAP EPS is expected to be in the range of $6.20 to $6.40.,True,Management expects GAAP earnings per share in the range of $6.20 to $6.40.,2020,FY2020,2020-12-31,Joshua Smiley,Executives,2014625,78817479,"Eli Lilly and Company, Q1 2020 Earnings Call, Apr 23, 2020",openai:gpt-5.5,b-extract-v4,2026-05-23T04:09:10.933031+00:00
LLY_20200423_752cbd1b,LLY,Eli Lilly and Company,2020-04-23,Q1 2020,capital_allocation,"we're working very diligently to expand our manufacturing capacity that would be ready to deploy, both internally and with partnerships, if the neutralizing antibodies are successful.",True,Management is working to expand manufacturing capacity for neutralizing antibodies.,,,,Daniel Skovronsky,Executives,2014625,78817506,"Eli Lilly and Company, Q1 2020 Earnings Call, Apr 23, 2020",openai:gpt-5.5,b-extract-v4,2026-05-23T04:09:10.933031+00:00
LLY_20200423_dfd1a87b,LLY,Eli Lilly and Company,2020-04-23,Q1 2020,numerical_guidance,"And as we've mentioned with that, we're expecting that $250 million to normalize sometime through the year, at least in our guidance for now.",True,Management expects the $250 million revenue benefit from COVID-19-related buying patterns to normalize through the year.,sometime through the year,,,Joshua Smiley,Executives,2014625,78817544,"Eli Lilly and Company, Q1 2020 Earnings Call, Apr 23, 2020",openai:gpt-5.5,b-extract-v4,2026-05-23T04:09:10.933031+00:00
LLY_20200730_c528d2de,LLY,Eli Lilly and Company,2020-07-30,Q2 2020,numerical_guidance,are committed to our 2020 full year operating margin target of 31%.,True,Management is committed to a 31% full-year 2020 operating margin target.,2020 full year,FY2020,2020-12-31,Joshua Smiley,Executives,2052116,80461116,"Eli Lilly and Company, Q2 2020 Earnings Call, Jul 30, 2020",openai:gpt-5.5,b-extract-v4,2026-05-23T04:10:45.317051+00:00
LLY_20200730_1ea9a014,LLY,Eli Lilly and Company,2020-07-30,Q2 2020,numerical_guidance,at this time we anticipate increased utilization of Medicaid versus commercial insurance to be a moderate headwind to revenue in 2021 of approximately $200 million.,True,Management expects increased Medicaid utilization versus commercial insurance to be about a $200 million revenue headwind in 2021.,2021,FY2021,2021-12-31,Joshua Smiley,Executives,2052116,80461116,"Eli Lilly and Company, Q2 2020 Earnings Call, Jul 30, 2020",openai:gpt-5.5,b-extract-v4,2026-05-23T04:10:45.317051+00:00
LLY_20200730_b8493f3e,LLY,Eli Lilly and Company,2020-07-30,Q2 2020,numerical_guidance,We're lowering our gross margin as a percent of revenue to be approximately 80% on a non-GAAP basis.,True,Management lowered non-GAAP gross margin guidance to approximately 80%.,2020,FY2020,2020-12-31,Joshua Smiley,Executives,2052116,80461116,"Eli Lilly and Company, Q2 2020 Earnings Call, Jul 30, 2020",openai:gpt-5.5,b-extract-v4,2026-05-23T04:10:45.317051+00:00
LLY_20200730_a40b0ea2,LLY,Eli Lilly and Company,2020-07-30,Q2 2020,numerical_guidance,We expect our GAAP gross margin to be 78%.,True,Management expects GAAP gross margin to be 78%.,2020,FY2020,2020-12-31,Joshua Smiley,Executives,2052116,80461116,"Eli Lilly and Company, Q2 2020 Earnings Call, Jul 30, 2020",openai:gpt-5.5,b-extract-v4,2026-05-23T04:10:45.317051+00:00
LLY_20200730_dcda3ce7,LLY,Eli Lilly and Company,2020-07-30,Q2 2020,capital_allocation,"Of note, if we see positive data in our neutralizing antibody treatments for COVID-19 that supports broader development, we plan to fully invest in registrational clinical trials and further scaling of manufacturing capacity.",True,Management plans to invest in further scaling manufacturing capacity if positive data support broader development of its COVID-19 neutralizing antibody treatments.,,,,Joshua Smiley,Executives,2052116,80461116,"Eli Lilly and Company, Q2 2020 Earnings Call, Jul 30, 2020",openai:gpt-5.5,b-extract-v4,2026-05-23T04:10:45.317051+00:00
LLY_20200730_2e26008f,LLY,Eli Lilly and Company,2020-07-30,Q2 2020,numerical_guidance,Our non-GAAP operating income as a percent of revenue goal of 31% remains,True,Management’s non-GAAP operating income as a percent of revenue goal remains 31%.,2020,FY2020,2020-12-31,Joshua Smiley,Executives,2052116,80461116,"Eli Lilly and Company, Q2 2020 Earnings Call, Jul 30, 2020",openai:gpt-5.5,b-extract-v4,2026-05-23T04:10:45.317051+00:00
LLY_20200730_a8327f96,LLY,Eli Lilly and Company,2020-07-30,Q2 2020,numerical_guidance,earnings per share is now expected to be in the range of $7.20 per share to $7.40 per share on a non-GAAP basis.,True,Management expects non-GAAP EPS to be between $7.20 and $7.40.,2020,FY2020,2020-12-31,Joshua Smiley,Executives,2052116,80461116,"Eli Lilly and Company, Q2 2020 Earnings Call, Jul 30, 2020",openai:gpt-5.5,b-extract-v4,2026-05-23T04:10:45.317051+00:00
LLY_20200730_52021dc1,LLY,Eli Lilly and Company,2020-07-30,Q2 2020,numerical_guidance,Our GAAP EPS is expected to be in the range of $6.48 per share to $6.68 per share.,True,Management expects GAAP EPS to be between $6.48 and $6.68.,2020,FY2020,2020-12-31,Joshua Smiley,Executives,2052116,80461116,"Eli Lilly and Company, Q2 2020 Earnings Call, Jul 30, 2020",openai:gpt-5.5,b-extract-v4,2026-05-23T04:10:45.317051+00:00
LLY_20200730_f1f4b1aa,LLY,Eli Lilly and Company,2020-07-30,Q2 2020,capital_allocation,We continue to invest in manufacturing for these potential therapies at risk.,True,Management continues to invest in manufacturing for potential COVID-19 therapies at risk.,,,,Daniel Skovronsky,Executives,2052116,80461117,"Eli Lilly and Company, Q2 2020 Earnings Call, Jul 30, 2020",openai:gpt-5.5,b-extract-v4,2026-05-23T04:10:45.317051+00:00
LLY_20200730_9af7a50d,LLY,Eli Lilly and Company,2020-07-30,Q2 2020,capital_allocation,And we're focused on ramping up our manufacturing capacity as quickly as possible.,True,Management is focused on ramping up manufacturing capacity as quickly as possible.,as quickly as possible,,,Daniel Skovronsky,Executives,2052116,80461117,"Eli Lilly and Company, Q2 2020 Earnings Call, Jul 30, 2020",openai:gpt-5.5,b-extract-v4,2026-05-23T04:10:45.317051+00:00
LLY_20200730_e83ed3bb,LLY,Eli Lilly and Company,2020-07-30,Q2 2020,numerical_guidance,we're looking really at something close to 7% or 8% growth in the second half of the year.,True,Management expects sales growth to be close to 7% or 8% in the second half of the year.,the second half of the year,H2 2020,2020-12-31,Joshua Smiley,Executives,2052116,80461125,"Eli Lilly and Company, Q2 2020 Earnings Call, Jul 30, 2020",openai:gpt-5.5,b-extract-v4,2026-05-23T04:10:45.317051+00:00
LLY_20200730_c4ebe0b0,LLY,Eli Lilly and Company,2020-07-30,Q2 2020,numerical_guidance,That gets us to something over 31% in the second half of the year.,True,Management expects operating margin to be over 31% in the second half of the year.,the second half of the year,H2 2020,2020-12-31,Joshua Smiley,Executives,2052116,80461125,"Eli Lilly and Company, Q2 2020 Earnings Call, Jul 30, 2020",openai:gpt-5.5,b-extract-v4,2026-05-23T04:10:45.317051+00:00
LLY_20201027_da63cf26,LLY,Eli Lilly and Company,2020-10-27,Q3 2020,numerical_guidance,we remain comfortable with long-term expectations of roughly 14% to 15% tax rate under the current U.S. corporate tax structure.,True,Management expects Lilly's long-term tax rate to be roughly 14% to 15% under the current U.S. corporate tax structure.,long-term,long-term,,Joshua Smiley,Executives,2119974,83416424,"Eli Lilly and Company, Q3 2020 Earnings Call, Oct 27, 2020",openai:gpt-5.5,b-extract-v4,2026-05-23T04:12:23.475973+00:00
LLY_20201027_e1201bcd,LLY,Eli Lilly and Company,2020-10-27,Q3 2020,numerical_guidance,"At the low end of the range, year-over-year sales growth in Q4 would be 8% to 9%",True,"Management says that at the low end of its range, year-over-year sales growth in Q4 would be 8% to 9%.",Q4,,,Joshua Smiley,Executives,2119974,83416424,"Eli Lilly and Company, Q3 2020 Earnings Call, Oct 27, 2020",openai:gpt-5.5,b-extract-v4,2026-05-23T04:12:23.475973+00:00
LLY_20201027_e867ebb0,LLY,Eli Lilly and Company,2020-10-27,Q3 2020,numerical_guidance,"We are narrowing our range for marketing, selling and administrative expenses to $6.0 billion to $6.1 billion.",True,"Management narrowed its guidance range for marketing, selling and administrative expenses to $6.0 billion to $6.1 billion.",2020,FY2020,2020-12-31,Joshua Smiley,Executives,2119974,83416424,"Eli Lilly and Company, Q3 2020 Earnings Call, Oct 27, 2020",openai:gpt-5.5,b-extract-v4,2026-05-23T04:12:23.475973+00:00
LLY_20201027_729fb2ac,LLY,Eli Lilly and Company,2020-10-27,Q3 2020,numerical_guidance,We are narrowing our range for research and development expenses to $5.8 billion to $5.9 billion,True,Management narrowed its guidance range for research and development expenses to $5.8 billion to $5.9 billion.,2020,FY2020,2020-12-31,Joshua Smiley,Executives,2119974,83416424,"Eli Lilly and Company, Q3 2020 Earnings Call, Oct 27, 2020",openai:gpt-5.5,b-extract-v4,2026-05-23T04:12:23.475973+00:00
LLY_20201027_e280a2c4,LLY,Eli Lilly and Company,2020-10-27,Q3 2020,numerical_guidance,investment in COVID-19 treatments of approximately $400 million for the full year likely to push us to the high end of our range,True,Management expects investment in COVID-19 treatments of approximately $400 million for the full year to push R&D expenses to the high end of the range.,the full year,FY2020,2020-12-31,Joshua Smiley,Executives,2119974,83416424,"Eli Lilly and Company, Q3 2020 Earnings Call, Oct 27, 2020",openai:gpt-5.5,b-extract-v4,2026-05-23T04:12:23.475973+00:00
LLY_20201027_1fccfea2,LLY,Eli Lilly and Company,2020-10-27,Q3 2020,numerical_guidance,our non-GAAP operating income as a percent of revenue goal of 31% excludes our substantial investments in COVID-19 treatments and any associated revenue with them.,True,"Management's non-GAAP operating income as a percent of revenue goal is 31%, excluding COVID-19 treatment investments and associated revenue.",2020,FY2020,2020-12-31,Joshua Smiley,Executives,2119974,83416424,"Eli Lilly and Company, Q3 2020 Earnings Call, Oct 27, 2020",openai:gpt-5.5,b-extract-v4,2026-05-23T04:12:23.475973+00:00
LLY_20201027_17ff770a,LLY,Eli Lilly and Company,2020-10-27,Q3 2020,numerical_guidance,"Inclusive of these costs, we expect an operating margin of approximately 29%.",True,Management expects operating margin of approximately 29% inclusive of COVID-19 treatment costs.,2020,FY2020,2020-12-31,Joshua Smiley,Executives,2119974,83416424,"Eli Lilly and Company, Q3 2020 Earnings Call, Oct 27, 2020",openai:gpt-5.5,b-extract-v4,2026-05-23T04:12:23.475973+00:00
LLY_20201027_452e512f,LLY,Eli Lilly and Company,2020-10-27,Q3 2020,numerical_guidance,We're updating the range of other income and expense to $450 million to $600 million of income,True,Management updated its other income and expense guidance to $450 million to $600 million of income.,2020,FY2020,2020-12-31,Joshua Smiley,Executives,2119974,83416424,"Eli Lilly and Company, Q3 2020 Earnings Call, Oct 27, 2020",openai:gpt-5.5,b-extract-v4,2026-05-23T04:12:23.475973+00:00
LLY_20201027_17178d2b,LLY,Eli Lilly and Company,2020-10-27,Q3 2020,numerical_guidance,We're maintaining our GAAP and non-GAAP effective tax rate guidance at approximately 14%.,True,Management maintained its GAAP and non-GAAP effective tax rate guidance at approximately 14%.,2020,FY2020,2020-12-31,Joshua Smiley,Executives,2119974,83416424,"Eli Lilly and Company, Q3 2020 Earnings Call, Oct 27, 2020",openai:gpt-5.5,b-extract-v4,2026-05-23T04:12:23.475973+00:00
LLY_20201027_041e2efd,LLY,Eli Lilly and Company,2020-10-27,Q3 2020,numerical_guidance,Our GAAP EPS is expected to be in the range of $6.20 to $6.40.,True,Management expects GAAP EPS to be in the range of $6.20 to $6.40.,2020,FY2020,2020-12-31,Joshua Smiley,Executives,2119974,83416424,"Eli Lilly and Company, Q3 2020 Earnings Call, Oct 27, 2020",openai:gpt-5.5,b-extract-v4,2026-05-23T04:12:23.475973+00:00
LLY_20210129_45729347,LLY,Eli Lilly and Company,2021-01-29,Q4 2020,numerical_guidance,operating margin growing into the mid- to high 30s,True,Management expects operating margin to grow into the mid- to high-30% range during the 2020 to 2025 period.,2020 to 2025 period,FY2020,2020-12-31,David Ricks,Executives,2186237,85546849,"Eli Lilly and Company, Q4 2020 Earnings Call, Jan 29, 2021",openai:gpt-5.5,b-extract-v4,2026-05-23T04:14:11.975820+00:00
LLY_20210129_f20ae4b5,LLY,Eli Lilly and Company,2021-01-29,Q4 2020,capital_allocation,announcing a 5% increase in the dividend for the third consecutive year,True,Management announced a 5% dividend increase.,,,,David Ricks,Executives,2186237,85546849,"Eli Lilly and Company, Q4 2020 Earnings Call, Jan 29, 2021",openai:gpt-5.5,b-extract-v4,2026-05-23T04:14:11.975820+00:00
LLY_20210129_87c2b1ff,LLY,Eli Lilly and Company,2021-01-29,Q4 2020,capital_allocation,we also announced a 15% dividend increase for the third consecutive year,True,Management announced a 15% dividend increase.,,,,Joshua Smiley,Executives,2186237,85546850,"Eli Lilly and Company, Q4 2020 Earnings Call, Jan 29, 2021",openai:gpt-5.5,b-extract-v4,2026-05-23T04:14:11.975820+00:00
LLY_20210129_a00f21ec,LLY,Eli Lilly and Company,2021-01-29,Q4 2020,numerical_guidance,reported earnings per share for 2021 now expected to be in the range of $7.10 to $7.75.,True,Management expects reported EPS for 2021 to be between $7.10 and $7.75.,2021,FY2021,2021-12-31,Joshua Smiley,Executives,2186237,85546850,"Eli Lilly and Company, Q4 2020 Earnings Call, Jan 29, 2021",openai:gpt-5.5,b-extract-v4,2026-05-23T04:14:11.975820+00:00
LLY_20210129_ae1ced0c,LLY,Eli Lilly and Company,2021-01-29,Q4 2020,numerical_guidance,we'll have over 1 million additional doses available through mid-2021 for use around the world.,True,Management expects to have over 1 million additional doses available globally through mid-2021.,through mid-2021,FY2021,2021-12-31,Daniel Skovronsky,Executives,2186237,85546851,"Eli Lilly and Company, Q4 2020 Earnings Call, Jan 29, 2021",openai:gpt-5.5,b-extract-v4,2026-05-23T04:14:11.975820+00:00
LLY_20210129_14d1da26,LLY,Eli Lilly and Company,2021-01-29,Q4 2020,numerical_guidance,"the U.S. government committed to purchase 500,000 of those additional doses by the end of March.",True,"Management says the U.S. government committed to purchase 500,000 additional doses by the end of March.",by the end of March,,,Daniel Skovronsky,Executives,2186237,85546851,"Eli Lilly and Company, Q4 2020 Earnings Call, Jan 29, 2021",openai:gpt-5.5,b-extract-v4,2026-05-23T04:14:11.975820+00:00
LLY_20210129_608eb336,LLY,Eli Lilly and Company,2021-01-29,Q4 2020,numerical_guidance,"we expect to be able to supply, in collaboration with Amgen, up to 1 million doses of etesevimab for administration with bamlanivimab together by mid-2021",True,Management expects to be able to supply up to 1 million etesevimab doses for use with bamlanivimab by mid-2021.,by mid-2021,FY2021,2021-12-31,Daniel Skovronsky,Executives,2186237,85546851,"Eli Lilly and Company, Q4 2020 Earnings Call, Jan 29, 2021",openai:gpt-5.5,b-extract-v4,2026-05-23T04:14:11.975820+00:00
LLY_20210129_92e0bdf8,LLY,Eli Lilly and Company,2021-01-29,Q4 2020,numerical_guidance,we've guided to a 2- to 3-point price benefit in 2021 as a function of the 340B changes that we've made.,True,Management guided to a 2- to 3-point price benefit in 2021 from 340B changes.,2021,FY2021,2021-12-31,Joshua Smiley,Executives,2186237,85546913,"Eli Lilly and Company, Q4 2020 Earnings Call, Jan 29, 2021",openai:gpt-5.5,b-extract-v4,2026-05-23T04:14:11.975820+00:00
LLY_20210129_b22aa335,LLY,Eli Lilly and Company,2021-01-29,Q4 2020,numerical_guidance,what we've said for this year is guidance range for COVID antibodies is $1 billion to $2 billion.,True,Management says COVID antibody guidance for the year is $1 billion to $2 billion.,this year,FY2021,2021-12-31,Joshua Smiley,Executives,2186237,85546907,"Eli Lilly and Company, Q4 2020 Earnings Call, Jan 29, 2021",openai:gpt-5.5,b-extract-v4,2026-05-23T04:14:11.975820+00:00
LLY_20210129_41a77443,LLY,Eli Lilly and Company,2021-01-29,Q4 2020,numerical_guidance,it's probably high probability for $1 billion in the first quarter.,True,Management says $1 billion of COVID antibody revenue in the first quarter is highly probable.,the first quarter,,,Joshua Smiley,Executives,2186237,85546907,"Eli Lilly and Company, Q4 2020 Earnings Call, Jan 29, 2021",openai:gpt-5.5,b-extract-v4,2026-05-23T04:14:11.975820+00:00
LLY_20210129_5c8abc9d,LLY,Eli Lilly and Company,2021-01-29,Q4 2020,numerical_guidance,"probably about another 500,000 bamlanivimab doses available in the first half of the year in monotherapy",True,"Management expects about another 500,000 bamlanivimab monotherapy doses to be available in the first half of the year.",the first half of the year,H1 2021,2021-06-30,Joshua Smiley,Executives,2186237,85546907,"Eli Lilly and Company, Q4 2020 Earnings Call, Jan 29, 2021",openai:gpt-5.5,b-extract-v4,2026-05-23T04:14:11.975820+00:00
LLY_20210129_c5eb3a65,LLY,Eli Lilly and Company,2021-01-29,Q4 2020,numerical_guidance,1 million combo,True,Management expects 1 million combo doses to be available in the first half of the year.,the first half of the year,H1 2021,2021-06-30,Joshua Smiley,Executives,2186237,85546907,"Eli Lilly and Company, Q4 2020 Earnings Call, Jan 29, 2021",openai:gpt-5.5,b-extract-v4,2026-05-23T04:14:11.975820+00:00
LLY_20210129_945306d4,LLY,Eli Lilly and Company,2021-01-29,Q4 2020,numerical_guidance,that's about $370 million of headwind when you just do year-over-year compare in growth.,True,Management expects inventory dynamics to create about a $370 million headwind to year-over-year growth comparison in Q1.,Q1,,,Joshua Smiley,Executives,2186237,85546927,"Eli Lilly and Company, Q4 2020 Earnings Call, Jan 29, 2021",openai:gpt-5.5,b-extract-v4,2026-05-23T04:14:11.975820+00:00
TSLA_20200129_d58c5cc2,TSLA,"Tesla, Inc.",2020-01-29,Q4 2019,numerical_guidance,"we will produce approximately 1,000x more cars in 2020 than we produced in 2010.",True,"Management expects Tesla to produce approximately 1,000 times more cars in 2020 than it produced in 2010.",2020,FY2020,2020-12-31,Elon Musk,Executives,1898027,74420390,"Tesla, Inc., Q4 2019 Earnings Call, Jan 29, 2020",openai:gpt-5.5,b-extract-v4,2026-05-23T04:15:49.574241+00:00
TSLA_20200129_0d24c342,TSLA,"Tesla, Inc.",2020-01-29,Q4 2019,capital_allocation,"We also anticipate significant progress on factory construction of Shanghai- and Berlin-built Model Y, which will result in continued increases in capital spending.",True,"Management anticipates progress on factory construction in Shanghai and Berlin, with continued increases in capital spending.",2020,FY2020,2020-12-31,Zachary Kirkhorn,Executives,1898027,74420392,"Tesla, Inc., Q4 2019 Earnings Call, Jan 29, 2020",openai:gpt-5.5,b-extract-v4,2026-05-23T04:15:49.574241+00:00
TSLA_20200129_6349c632,TSLA,"Tesla, Inc.",2020-01-29,Q4 2019,numerical_guidance,Tesla would grow at an average compound annual rate -- average rate of in excess of 50%. I still hold that belief.,True,Management continues to believe Tesla can grow at an average compound annual rate above 50%.,,,,Elon Musk,Executives,1898027,74420452,"Tesla, Inc., Q4 2019 Earnings Call, Jan 29, 2020",openai:gpt-5.5,b-extract-v4,2026-05-23T04:15:49.574241+00:00
TSLA_20200129_78f137d3,TSLA,"Tesla, Inc.",2020-01-29,Q4 2019,capital_allocation,"So the thing we're going to be really focused on is increasing battery production capacity because that's very fundamental because if you don't improve battery production capacity, then you end up just shifting unit volume from one product to another, and you haven't actually produced more electric vehicles.",True,Management plans to focus on increasing battery production capacity.,,,,Elon Musk,Executives,1898027,74420455,"Tesla, Inc., Q4 2019 Earnings Call, Jan 29, 2020",openai:gpt-5.5,b-extract-v4,2026-05-23T04:15:49.574241+00:00
TSLA_20200129_d92803b1,TSLA,"Tesla, Inc.",2020-01-29,Q4 2019,capital_allocation,"we're going to pay down the debt, just as time goes by.",True,Management plans to pay down Tesla's debt over time.,as time goes by,,,Elon Musk,Executives,1898027,74420488,"Tesla, Inc., Q4 2019 Earnings Call, Jan 29, 2020",openai:gpt-5.5,b-extract-v4,2026-05-23T04:15:49.574241+00:00
TSLA_20200429_d9ce4d74,TSLA,"Tesla, Inc.",2020-04-29,Q1 2020,numerical_guidance,"Soon, we will be collecting data from over 1 billion intersections per month.",True,Management expects Tesla to collect data from over 1 billion intersections per month soon.,Soon,,,Elon Musk,Executives,2019551,79011152,"Tesla, Inc., Q1 2020 Earnings Call, Apr 29, 2020",openai:gpt-5.5,b-extract-v4,2026-05-23T04:17:21.847256+00:00
TSLA_20200429_e17b3314,TSLA,"Tesla, Inc.",2020-04-29,Q1 2020,capital_allocation,"we are absolutely continuing our Model Y capacity expansion at full speed at both Giga Berlin and Giga Shanghai, and here in Fremont when they will let us continue.",True,"Management says Tesla is continuing Model Y capacity expansion at Giga Berlin, Giga Shanghai and Fremont.",,,,Elon Musk,Executives,2019551,79011152,"Tesla, Inc., Q1 2020 Earnings Call, Apr 29, 2020",openai:gpt-5.5,b-extract-v4,2026-05-23T04:17:21.847256+00:00
TSLA_20200429_5bec32f8,TSLA,"Tesla, Inc.",2020-04-29,Q1 2020,numerical_guidance,"we're really looking forward to being, sometime next year, a truly global manufacturer with major factories in North America, China and Europe and a capacity of well over 1 million units a year.",True,Management expects Tesla to have capacity of well over 1 million units per year sometime next year.,sometime next year,FY2021,2021-12-31,Elon Musk,Executives,2019551,79011152,"Tesla, Inc., Q1 2020 Earnings Call, Apr 29, 2020",openai:gpt-5.5,b-extract-v4,2026-05-23T04:17:21.847256+00:00
TSLA_20200429_19abe065,TSLA,"Tesla, Inc.",2020-04-29,Q1 2020,numerical_guidance,"So I think in the absence of something -- some massive force majeure event, like quite massive, I think [ 50% ] is the likely number.",True,Management says 50% is the likely growth number absent a major force majeure event.,,,,Elon Musk,Executives,2019551,79011176,"Tesla, Inc., Q1 2020 Earnings Call, Apr 29, 2020",openai:gpt-5.5,b-extract-v4,2026-05-23T04:17:21.847256+00:00
TSLA_20200429_d6fe7b2d,TSLA,"Tesla, Inc.",2020-04-29,Q1 2020,numerical_guidance,"I would be very shocked if it's less than 40% even with force majeure, short of World War III.",True,"Management would be very surprised if growth were less than 40%, except in an extreme scenario such as World War III.",,,,Elon Musk,Executives,2019551,79011176,"Tesla, Inc., Q1 2020 Earnings Call, Apr 29, 2020",openai:gpt-5.5,b-extract-v4,2026-05-23T04:17:21.847256+00:00
TSLA_20200429_dc8c8bdb,TSLA,"Tesla, Inc.",2020-04-29,Q1 2020,numerical_guidance,"by end of year, we should be installing at a rate of 1,000 a week.",True,"Management expects Solar Roof installations to reach a rate of 1,000 per week by year-end.",by end of year,,,Elon Musk,Executives,2019551,79011184,"Tesla, Inc., Q1 2020 Earnings Call, Apr 29, 2020",openai:gpt-5.5,b-extract-v4,2026-05-23T04:17:21.847256+00:00
TSLA_20200429_330f9674,TSLA,"Tesla, Inc.",2020-04-29,Q1 2020,numerical_guidance,"we want to have at least 1,000 Solar Roof install teams",True,"Management wants Tesla to have at least 1,000 Solar Roof install teams.",,,,Elon Musk,Executives,2019551,79011184,"Tesla, Inc., Q1 2020 Earnings Call, Apr 29, 2020",openai:gpt-5.5,b-extract-v4,2026-05-23T04:17:21.847256+00:00
TSLA_20200429_bdc3efdf,TSLA,"Tesla, Inc.",2020-04-29,Q1 2020,numerical_guidance,"which gets you 1,000 a week roof installations.",True,"Management says having those install teams would enable 1,000 Solar Roof installations per week.",,,,Elon Musk,Executives,2019551,79011184,"Tesla, Inc., Q1 2020 Earnings Call, Apr 29, 2020",openai:gpt-5.5,b-extract-v4,2026-05-23T04:17:21.847256+00:00
TSLA_20200722_dc69dc77,TSLA,"Tesla, Inc.",2020-07-22,Q2 2020,capital_allocation,we're going to be building our next Gigafactory in Texas.,True,Management plans to build Tesla's next Gigafactory in Texas.,,,,Elon Musk,Executives,2074607,81394319,"Tesla, Inc., Q2 2020 Earnings Call, Jul 22, 2020",openai:gpt-5.5,b-extract-v4,2026-05-23T04:18:26.178411+00:00
TSLA_20200722_76bb319e,TSLA,"Tesla, Inc.",2020-07-22,Q2 2020,capital_allocation,"the next 12 to 18 months, we'll have 3 new factories in place.",True,Management expects Tesla to have three new factories in place over the next 12 to 18 months.,the next 12 to 18 months,18 months,2022-01-22,Elon Musk,Executives,2074607,81394319,"Tesla, Inc., Q2 2020 Earnings Call, Jul 22, 2020",openai:gpt-5.5,b-extract-v4,2026-05-23T04:18:26.178411+00:00
TSLA_20200722_acd7462a,TSLA,"Tesla, Inc.",2020-07-22,Q2 2020,capital_allocation,continuing to work towards building additional capacity.,True,Management is working toward building additional production capacity in the energy business.,,,,Zachary Kirkhorn,Executives,2074607,81394321,"Tesla, Inc., Q2 2020 Earnings Call, Jul 22, 2020",openai:gpt-5.5,b-extract-v4,2026-05-23T04:18:26.178411+00:00
TSLA_20200722_cf6b219d,TSLA,"Tesla, Inc.",2020-07-22,Q2 2020,capital_allocation,preparing for the launch of 3 new factories over the next 1.5 years.,True,Management is preparing to launch three new factories over the next 1.5 years.,over the next 1.5 years,FY2025,2025-12-31,Zachary Kirkhorn,Executives,2074607,81394321,"Tesla, Inc., Q2 2020 Earnings Call, Jul 22, 2020",openai:gpt-5.5,b-extract-v4,2026-05-23T04:18:26.178411+00:00
TSLA_20200722_959dbcf8,TSLA,"Tesla, Inc.",2020-07-22,Q2 2020,numerical_guidance,"It will be like 80% by the end of this year, maybe more.",True,Management expects local sourcing for the Shanghai factory to reach about 80% or more by the end of the year.,by the end of this year,FY2020,2020-12-31,Elon Musk,Executives,2074607,81394377,"Tesla, Inc., Q2 2020 Earnings Call, Jul 22, 2020",openai:gpt-5.5,b-extract-v4,2026-05-23T04:18:26.178411+00:00
TSLA_20200722_9d0167c0,TSLA,"Tesla, Inc.",2020-07-22,Q2 2020,capital_allocation,there will be local cell production and that will serve the needs of the Berlin factory.,True,Management expects there to be local cell production serving the Berlin factory.,,,,Elon Musk,Executives,2074607,81394398,"Tesla, Inc., Q2 2020 Earnings Call, Jul 22, 2020",openai:gpt-5.5,b-extract-v4,2026-05-23T04:18:26.178411+00:00
TSLA_20201021_654dcc4f,TSLA,"Tesla, Inc.",2020-10-21,Q3 2020,numerical_guidance,where the capital expenditures required are 1/3 or less of what they are today,True,Management expects required capital expenditures for batteries to be one-third or less of current levels in a few years.,in a few years,,,Elon Musk,Executives,2147590,84511986,"Tesla, Inc., Q3 2020 Earnings Call, Oct 21, 2020",openai:gpt-5.5,b-extract-v4,2026-05-23T04:19:59.113185+00:00
TSLA_20201021_91de246c,TSLA,"Tesla, Inc.",2020-10-21,Q3 2020,capital_allocation,we expect Giga Berlin will see our first battery cell production line at scale.,True,Management expects Giga Berlin to have Tesla's first battery cell production line at scale.,,,,Elon Musk,Executives,2147590,84511986,"Tesla, Inc., Q3 2020 Earnings Call, Oct 21, 2020",openai:gpt-5.5,b-extract-v4,2026-05-23T04:19:59.113185+00:00
TSLA_20201021_d33e5978,TSLA,"Tesla, Inc.",2020-10-21,Q3 2020,capital_allocation,we're continuing to expand Shanghai significantly,True,Management is continuing to significantly expand the Shanghai factory.,,,,Elon Musk,Executives,2147590,84511986,"Tesla, Inc., Q3 2020 Earnings Call, Oct 21, 2020",openai:gpt-5.5,b-extract-v4,2026-05-23T04:19:59.113185+00:00
TSLA_20201021_5707f87b,TSLA,"Tesla, Inc.",2020-10-21,Q3 2020,capital_allocation,"Looking forward to 2021 and 2022, we have revised up our expectations for capital spending by $2 billion to $2.5 billion",True,Management raised its expected capital spending for 2021 and 2022 by $2 billion to $2.5 billion.,2021 and 2022,FY2021,2021-12-31,Zachary Kirkhorn,Executives,2147590,84511989,"Tesla, Inc., Q3 2020 Earnings Call, Oct 21, 2020",openai:gpt-5.5,b-extract-v4,2026-05-23T04:19:59.113185+00:00
TSLA_20201021_ffd945f8,TSLA,"Tesla, Inc.",2020-10-21,Q3 2020,capital_allocation,we're currently expecting over $1 billion in early convert paydowns in Q4,True,Management expects more than $1 billion in early convertible-note paydowns in Q4.,Q4,,,Zachary Kirkhorn,Executives,2147590,84511989,"Tesla, Inc., Q3 2020 Earnings Call, Oct 21, 2020",openai:gpt-5.5,b-extract-v4,2026-05-23T04:19:59.113185+00:00
TSLA_20201021_1b635431,TSLA,"Tesla, Inc.",2020-10-21,Q3 2020,numerical_guidance,"We're also aiming to achieve our original 2020 guidance of 500,000 deliveries",True,"Management aims to achieve 500,000 vehicle deliveries in 2020.",2020,FY2020,2020-12-31,Zachary Kirkhorn,Executives,2147590,84511989,"Tesla, Inc., Q3 2020 Earnings Call, Oct 21, 2020",openai:gpt-5.5,b-extract-v4,2026-05-23T04:19:59.113185+00:00
TSLA_20201021_6c98288f,TSLA,"Tesla, Inc.",2020-10-21,Q3 2020,capital_allocation,we continue to invest to increase capacity to fulfill customer orders.,True,Management continues to invest to increase Powerwall capacity to fulfill customer orders.,,,,RJ Johnson,Executives,2147590,84511990,"Tesla, Inc., Q3 2020 Earnings Call, Oct 21, 2020",openai:gpt-5.5,b-extract-v4,2026-05-23T04:19:59.113185+00:00
TSLA_20201021_d67c4958,TSLA,"Tesla, Inc.",2020-10-21,Q3 2020,numerical_guidance,a 20 million vehicle target in 2030,True,Management refers to a target of 20 million vehicles in 2030.,2030,FY2030,2030-12-31,Elon Musk,Executives,2147590,84512027,"Tesla, Inc., Q3 2020 Earnings Call, Oct 21, 2020",openai:gpt-5.5,b-extract-v4,2026-05-23T04:19:59.113185+00:00
TSLA_20210127_dedf1e06,TSLA,"Tesla, Inc.",2021-01-27,Q4 2020,capital_allocation,which will continue into Q1,True,Management says convertible debt settlements will continue into Q1.,Q1,,,Zachary Kirkhorn,Executives,2183314,85463596,"Tesla, Inc., Q4 2020 Earnings Call, Jan 27, 2021",openai:gpt-5.5,b-extract-v4,2026-05-23T04:21:50.010270+00:00
TSLA_20210127_772c26bc,TSLA,"Tesla, Inc.",2021-01-27,Q4 2020,numerical_guidance,We continue to expect a long-term volume CAGR of 50%,True,Management expects long-term volume CAGR of 50%.,long-term,long-term,,Zachary Kirkhorn,Executives,2183314,85463596,"Tesla, Inc., Q4 2020 Earnings Call, Jan 27, 2021",openai:gpt-5.5,b-extract-v4,2026-05-23T04:21:50.010270+00:00
TSLA_20210127_77d09746,TSLA,"Tesla, Inc.",2021-01-27,Q4 2020,capital_allocation,We will continue to invest heavily in supercharging and service capacity,True,Management plans to continue investing heavily in Supercharging and service capacity.,,,,Zachary Kirkhorn,Executives,2183314,85463596,"Tesla, Inc., Q4 2020 Earnings Call, Jan 27, 2021",openai:gpt-5.5,b-extract-v4,2026-05-23T04:21:50.010270+00:00
TSLA_20210127_982bc4b3,TSLA,"Tesla, Inc.",2021-01-27,Q4 2020,capital_allocation,to kick off manufacturing equipment and facility construction to support our 100 gigawatt hour 2022 goal.,True,Management plans to begin manufacturing equipment and facility construction to support its cell-production goal.,,,,Drew Baglino,Executives,2183314,85463607,"Tesla, Inc., Q4 2020 Earnings Call, Jan 27, 2021",openai:gpt-5.5,b-extract-v4,2026-05-23T04:21:50.010270+00:00
TSLA_20210127_bed69506,TSLA,"Tesla, Inc.",2021-01-27,Q4 2020,numerical_guidance,to support our 100 gigawatt hour 2022 goal,True,Management has a 100 gigawatt hour goal for 2022.,2022,FY2022,2022-12-31,Drew Baglino,Executives,2183314,85463607,"Tesla, Inc., Q4 2020 Earnings Call, Jan 27, 2021",openai:gpt-5.5,b-extract-v4,2026-05-23T04:21:50.010270+00:00
TSLA_20210127_c6291964,TSLA,"Tesla, Inc.",2021-01-27,Q4 2020,numerical_guidance,we've got a 100 gigawatt hour total Tesla cells produced in 2022.,True,Management says the focus is 100 gigawatt hours of total Tesla cells produced in 2022.,2022,FY2022,2022-12-31,Elon Musk,Executives,2183314,85463611,"Tesla, Inc., Q4 2020 Earnings Call, Jan 27, 2021",openai:gpt-5.5,b-extract-v4,2026-05-23T04:21:50.010270+00:00
TSLA_20210127_99912859,TSLA,"Tesla, Inc.",2021-01-27,Q4 2020,numerical_guidance,we are installing capacity for -- in 2022 for 200 gigawatt hours a year,True,Management is installing capacity for 200 gigawatt hours per year in 2022.,2022,FY2022,2022-12-31,Elon Musk,Executives,2183314,85463611,"Tesla, Inc., Q4 2020 Earnings Call, Jan 27, 2021",openai:gpt-5.5,b-extract-v4,2026-05-23T04:21:50.010270+00:00
TSLA_20210127_494bbcb6,TSLA,"Tesla, Inc.",2021-01-27,Q4 2020,numerical_guidance,we think probably we should be able to achieve 30% of targeted design capacity in 2022,True,Management expects to be able to achieve 30% of targeted design capacity in 2022.,2022,FY2022,2022-12-31,Elon Musk,Executives,2183314,85463611,"Tesla, Inc., Q4 2020 Earnings Call, Jan 27, 2021",openai:gpt-5.5,b-extract-v4,2026-05-23T04:21:50.010270+00:00
TSLA_20210127_10f9f267,TSLA,"Tesla, Inc.",2021-01-27,Q4 2020,numerical_guidance,We're trying to push that to 50% this year.,True,Management is trying to increase mobile service to 50% of visits this year.,this year,FY2021,2021-12-31,Jerome Guillen,Executives,2183314,85463616,"Tesla, Inc., Q4 2020 Earnings Call, Jan 27, 2021",openai:gpt-5.5,b-extract-v4,2026-05-23T04:21:50.010270+00:00
TSLA_20210127_18a05b04,TSLA,"Tesla, Inc.",2021-01-27,Q4 2020,capital_allocation,we have plans to open 46 in the first half of this year.,True,Management plans to open 46 service centers in the first half of this year.,the first half of this year,H1 2021,2021-06-30,Jerome Guillen,Executives,2183314,85463616,"Tesla, Inc., Q4 2020 Earnings Call, Jan 27, 2021",openai:gpt-5.5,b-extract-v4,2026-05-23T04:21:50.010270+00:00
TSLA_20210127_32ef8371,TSLA,"Tesla, Inc.",2021-01-27,Q4 2020,capital_allocation,we'll soon order the equipment necessary to make the Cybertruck work.,True,Management plans to order equipment needed for Cybertruck production soon.,soon,,,Elon Musk,Executives,2183314,85463626,"Tesla, Inc., Q4 2020 Earnings Call, Jan 27, 2021",openai:gpt-5.5,b-extract-v4,2026-05-23T04:21:50.010270+00:00
TSLA_20210127_3ee6c625,TSLA,"Tesla, Inc.",2021-01-27,Q4 2020,capital_allocation,We currently have $1.4 billion that we expect to go out in Q1 as a result of early conversions or conversions on convertible debt.,True,Management expects $1.4 billion to go out in Q1 from early conversions or conversions of convertible debt.,Q1,,,Zachary Kirkhorn,Executives,2183314,85463636,"Tesla, Inc., Q4 2020 Earnings Call, Jan 27, 2021",openai:gpt-5.5,b-extract-v4,2026-05-23T04:21:50.010270+00:00
TSLA_20210127_91ade655,TSLA,"Tesla, Inc.",2021-01-27,Q4 2020,capital_allocation,"as we're building capacity, particularly in Austin and Berlin, we can build that capacity with the expectation of what the end state of capacity will be, pulling forward some of those investments rather than incrementally adding capacity as we go along.",True,Management is building Austin and Berlin capacity by pulling forward some investments rather than adding capacity incrementally.,,,,Zachary Kirkhorn,Executives,2183314,85463636,"Tesla, Inc., Q4 2020 Earnings Call, Jan 27, 2021",openai:gpt-5.5,b-extract-v4,2026-05-23T04:21:50.010270+00:00
TSLA_20210127_7fa43d6a,TSLA,"Tesla, Inc.",2021-01-27,Q4 2020,capital_allocation,we're able now to make investments there and also in the Supercharging network to get ahead of future demand,True,Management is making investments in service expansion and the Supercharging network ahead of future demand.,,,,Zachary Kirkhorn,Executives,2183314,85463636,"Tesla, Inc., Q4 2020 Earnings Call, Jan 27, 2021",openai:gpt-5.5,b-extract-v4,2026-05-23T04:21:50.010270+00:00
TSLA_20210127_b1090a36,TSLA,"Tesla, Inc.",2021-01-27,Q4 2020,numerical_guidance,we do think that we can maintain a growth rate in excess of 50% per year for many years to come,True,Management believes Tesla can maintain a growth rate above 50% per year for many years.,for many years to come,,,Elon Musk,Executives,2183314,85463641,"Tesla, Inc., Q4 2020 Earnings Call, Jan 27, 2021",openai:gpt-5.5,b-extract-v4,2026-05-23T04:21:50.010270+00:00
TSLA_20210127_256d3470,TSLA,"Tesla, Inc.",2021-01-27,Q4 2020,numerical_guidance,"I think this year, we may track to a fair bit above 50%",True,Management says growth this year may track a fair bit above 50%.,this year,FY2021,2021-12-31,Elon Musk,Executives,2183314,85463641,"Tesla, Inc., Q4 2020 Earnings Call, Jan 27, 2021",openai:gpt-5.5,b-extract-v4,2026-05-23T04:21:50.010270+00:00
TSLA_20210127_83b7deb7,TSLA,"Tesla, Inc.",2021-01-27,Q4 2020,numerical_guidance,the same again next year. It appears to be meaningfully above 50%.,True,Management says growth next year appears to be meaningfully above 50%.,next year,FY2022,2022-12-31,Elon Musk,Executives,2183314,85463641,"Tesla, Inc., Q4 2020 Earnings Call, Jan 27, 2021",openai:gpt-5.5,b-extract-v4,2026-05-23T04:21:50.010270+00:00
